"ID","logFC","AveExpr","t","P.Value","adj.P.Val","B","GeneName","Description"
"10113",1.05613513513513,5.22740540540541,9.72046459581171,1.38106060677661e-19,1.83279475702156e-18,33.7200089467275,"NOXO1","ref|Homo sapiens NADPH oxidase organizer 1 (NOXO1), transcript variant c, mRNA [NM_172168]"
"10405",-1.18598648648649,12.8133175675676,-9.46870182724416,8.92775172876005e-19,1.08477980745817e-17,31.8796840607253,"DUSP1","ref|Homo sapiens dual specificity phosphatase 1 (DUSP1), mRNA [NM_004417]"
"10429",1.62483108108108,5.06726689189189,7.99676014960753,2.82201585801198e-14,2.20206675292411e-13,21.6820763183515,"BMPR1B","ref|Homo sapiens bone morphogenetic protein receptor, type IB (BMPR1B), mRNA [NM_001203]"
"10571",-1.69958108108108,9.04617567567568,-10.8051575472752,3.41792616617631e-23,7.28430915962312e-22,41.9171014464595,"ME1","ref|Homo sapiens malic enzyme 1, NADP(+)-dependent, cytosolic (ME1), mRNA [NM_002395]"
"10594",2.41827027027028,7.93701351351351,9.03945416534012,2.02691962839445e-17,2.12953686128278e-16,28.8026669163999,"POTEE","ref|Homo sapiens POTE ankyrin domain family, member E (POTEE), mRNA [NM_001083538]"
"10921",1.7711554054054,6.01496283783784,12.320261608952,1.74645793807162e-28,8.51034399406149e-27,53.9614612689862,"SLC7A11","ref|Homo sapiens solute carrier family 7, (cationic amino acid transporter, y+ system) member 11 (SLC7A11), mRNA [NM_014331]"
"11139",1.13675,6.902625,10.9367899359563,1.2153236187917e-23,2.80754759936177e-22,42.9385883740723,"RBP5","ref|Homo sapiens retinol binding protein 5, cellular (RBP5), mRNA [NM_031491]"
"11145",2.34823648648648,6.05778716216216,12.6937159890006,7.98329741164539e-30,4.97944870555695e-28,57.0134752179252,"C19orf21","ref|Homo sapiens chromosome 19 open reading frame 21 (C19orf21), mRNA [NM_173481]"
"11265",3.04863513513514,7.74520945945946,16.9264155879724,1.53839216742074e-45,7.19659855919423e-42,92.8274448397534,"TUBB3","ref|Homo sapiens tubulin, beta 3 (TUBB3), mRNA [NM_006086]"
"11308",-2.02380405405406,12.7814695945946,-13.2269156478639,9.32390518847012e-32,8.30804351841204e-30,61.4162268646575,"CEBPA","ref|Homo sapiens CCAAT/enhancer binding protein (C/EBP), alpha (CEBPA), mRNA [NM_004364]"
"11475",-2.02889864864865,12.6420506756757,-12.6444633828839,1.20111092631875e-29,7.05545171560977e-28,56.6093807608157,"TNXB","ref|Homo sapiens tenascin XB (TNXB), transcript variant XB, mRNA [NM_019105]"
"11636",-1.16074324324324,7.41258108108108,-11.1844797479669,1.71268958403037e-24,4.39011609539402e-23,44.8747515236013,"PRR5","ref|Homo sapiens proline rich 5 (renal) (PRR5), transcript variant 2, mRNA [NM_015366]"
"11801",1.44892567567568,6.49793581081081,10.822566110278,2.98196890184164e-23,6.41363242428286e-22,42.051888718023,"MATN3","ref|Homo sapiens matrilin 3 (MATN3), mRNA [NM_002381]"
"11951",1.26970270270271,11.1128783783784,15.4690756874555,4.62963171233863e-40,3.36854239715195e-37,80.3412193026885,"SLC20A1","ref|Homo sapiens solute carrier family 20 (phosphate transporter), member 1 (SLC20A1), mRNA [NM_005415]"
"12130",-2.24364864864865,10.4049797297297,-14.6920837226043,3.69691917070893e-37,1.28105095411677e-34,73.726188793105,"GPC3","ref|Homo sapiens glypican 3 (GPC3), transcript variant 1, mRNA [NM_001164617]"
"12286",-1.17053378378378,7.82598310810811,-10.0378054939451,1.26934581149432e-20,1.92479731156253e-19,36.0748502450904,"SMOC1","ref|Homo sapiens SPARC related modular calcium binding 1 (SMOC1), transcript variant 1, mRNA [NM_001034852]"
"12296",1.44214864864865,5.44880405405405,12.6886512709002,8.3259515836126e-30,5.15878165670725e-28,56.9719002020027,"lincRNA:chr17:70442671-70443408_R","lincRNA:chr17:70442671-70443408 reverse strand"
"12297",1.01093243243243,5.79748648648649,7.7034412333207,1.96146209991792e-13,1.39980468396888e-12,19.7787869430806,"FCRLA","ref|Homo sapiens Fc receptor-like A (FCRLA), mRNA [NM_032738]"
"12402",-1.18475675675677,10.4650810810811,-11.526742189983,1.11051878612822e-25,3.40656188951331e-24,47.5787200941975,"ECHDC1","ref|Homo sapiens enoyl Coenzyme A hydratase domain containing 1 (ECHDC1), transcript variant 2, mRNA [NM_018479]"
"1433",1.04171621621621,10.5335675675676,5.47790228629366,9.14183636885896e-08,3.52850746976256e-07,7.04437874505194,"SERPINA1","ref|Homo sapiens serpin peptidase inhibitor, clade A (alpha-1 antiproteinase, antitrypsin), member 1 (SERPINA1), transcript variant 2, mRNA [NM_001002236]"
"14674",-1.30622972972974,7.3817027027027,-9.76823185982377,9.66545923022786e-20,1.30679243580942e-18,34.0720105538246,"BMPER","ref|Homo sapiens BMP binding endothelial regulator (BMPER), mRNA [NM_133468]"
"14916",-2.30283783783784,9.7227027027027,-13.6653678878451,2.32035110507328e-33,2.85647433408758e-31,65.0711873157788,"NPR1","ref|Homo sapiens natriuretic peptide receptor A/guanylate cyclase A (atrionatriuretic peptide receptor A) (NPR1), mRNA [NM_000906]"
"14970",-1.17828378378379,12.6954324324324,-9.34511359267654,2.21107042157688e-18,2.55707971128223e-17,30.9857277827394,"DUSP1","ref|Homo sapiens dual specificity phosphatase 1 (DUSP1), mRNA [NM_004417]"
"15153",-2.56041216216217,10.0279425675676,-13.3362082142373,3.72329213280448e-32,3.66685486258091e-30,62.3245841896932,"CES1","ref|Homo sapiens carboxylesterase 1 (monocyte/macrophage serine esterase 1) (CES1), transcript variant 3, mRNA [NM_001266]"
"15157",-1.30917567567568,7.71439189189189,-10.9337737567894,1.24453486102969e-23,2.8609012677626e-22,42.9151232255877,"ENST00000440528","ens|STGC3  [Source:UniProtKB/TrEMBL;Acc:Q8IWV3] [ENST00000440528]"
"15314",2.06494594594595,7.2462972972973,9.56309496190507,4.44755554486059e-19,5.54078957093418e-18,32.5666929518541,"DOK7","ref|Homo sapiens docking protein 7 (DOK7), transcript variant 1, mRNA [NM_173660]"
"15400",2.05472972972973,5.89727027027027,14.9783979261469,3.16688544424462e-38,1.34679000983421e-35,76.1585852613626,"E2F7","ref|Homo sapiens E2F transcription factor 7 (E2F7), mRNA [NM_203394]"
"15494",-1.45005405405406,11.8326283783784,-11.3254536352961,5.57128528917308e-25,1.52412120366969e-23,45.9845974632639,"SYNPO","ref|Homo sapiens synaptopodin (SYNPO), transcript variant 1, mRNA [NM_007286]"
"15634",-1.0630472972973,5.72245608108108,-9.41523459659823,1.32271675706685e-18,1.57047436283216e-17,31.4921590277518,"SLC6A2","ref|Homo sapiens solute carrier family 6 (neurotransmitter transporter, noradrenalin), member 2 (SLC6A2), mRNA [NM_001043]"
"15640",-1.40444594594595,10.1784797297297,-11.3596054095932,4.2407853770963e-25,1.17642037152189e-23,46.25429472402,"GPT2","ref|Homo sapiens glutamic pyruvate transaminase (alanine aminotransferase) 2 (GPT2), transcript variant 1, mRNA [NM_133443]"
"15651",-2.10508108108108,11.0289459459459,-11.0203978174728,6.28484266010788e-24,1.51012191559346e-22,43.5901237833603,"ZBTB16","ref|Homo sapiens zinc finger and BTB domain containing 16 (ZBTB16), transcript variant 1, mRNA [NM_006006]"
"15655",-1.00775675675676,9.49702027027027,-8.12009622506637,1.23219560518599e-14,9.96406402949017e-14,22.496120259773,"CD209","ref|Homo sapiens CD209 molecule (CD209), transcript variant 1, mRNA [NM_021155]"
"15669",1.0177027027027,9.98714864864865,3.24461985331652,0.00130942938912617,0.00286909165448815,-2.05945165937233,"ENST00000390294","ens|V1-17 protein Fragment  [Source:UniProtKB/TrEMBL;Acc:A2MYD0] [ENST00000390294]"
"15814",1.07237162162162,9.14877364864865,9.00621873373585,2.57286026211092e-17,2.68058804145988e-16,28.5677571728249,"EFNA4","ref|Homo sapiens ephrin-A4 (EFNA4), transcript variant 3, mRNA [NM_182690]"
"15821",1.00797972972973,5.60709797297297,9.98246986852507,1.9297596263866e-20,2.87497309943838e-19,35.6615024824826,"lincRNA:chr8:129108840-129113465_R","lincRNA:chr8:129108840-129113465 reverse strand"
"15890",-2.67804054054054,8.73087837837838,-12.8115663963935,2.99849712847624e-30,2.03289414014664e-28,57.9822411509481,"MRAP","ref|Homo sapiens melanocortin 2 receptor accessory protein (MRAP), transcript variant 2, mRNA [NM_206898]"
"15899",-1.06406081081081,6.95909797297297,-10.425099864509,6.56427171957153e-22,1.19021950016107e-20,38.9986127343782,"KCNE1L","ref|Homo sapiens KCNE1-like (KCNE1L), mRNA [NM_012282]"
"16019",2.31908108108108,6.15366216216216,15.8385370195196,1.90428737349125e-41,3.56330253327682e-38,83.4998378396471,"SPC25","ref|Homo sapiens SPC25, NDC80 kinetochore complex component, homolog (S. cerevisiae) (SPC25), mRNA [NM_020675]"
"16119",1.16143918918919,5.73264527027027,10.9490919506245,1.10308184650403e-23,2.57367425333957e-22,43.0343235070906,"GPR84","ref|Homo sapiens G protein-coupled receptor 84 (GPR84), mRNA [NM_020370]"
"16133",1.50777702702703,13.319652027027,12.6029829311016,1.69369011350387e-29,9.66229554996478e-28,56.269415946558,"IFI30","ref|Homo sapiens interferon, gamma-inducible protein 30 (IFI30), mRNA [NM_006332]"
"16328",3.64070945945946,8.98092905405405,15.2677656023303,2.62581898158333e-39,1.29300854693125e-36,78.6232959583119,"COL10A1","ref|Homo sapiens collagen, type X, alpha 1 (COL10A1), mRNA [NM_000493]"
"16347",-1.11069594594596,11.7037331081081,-7.2117689473992,4.5524355176375e-12,2.81324879148061e-11,16.6965274023803,"APOLD1","ref|Homo sapiens apolipoprotein L domain containing 1 (APOLD1), transcript variant 2, mRNA [NM_030817]"
"16383",1.12931756756757,4.13819932432432,11.7640636524438,1.6364139589774e-26,5.73419063677624e-25,49.4718022012596,"lincRNA:chr8:129060698-129082451_F","lincRNA:chr8:129060698-129082451 forward strand"
"16390",-1.58535135135135,6.8617972972973,-12.7690154168708,4.27152274616869e-30,2.79471096595484e-28,57.632160635509,"lincRNA:chr7:79088255-79100366_F","lincRNA:chr7:79088255-79100366 forward strand"
"16557",1.42104054054053,7.71774324324324,8.6593907361225,3.00993119647896e-16,2.84741317232125e-15,26.1463832914855,"GRB7","ref|Homo sapiens growth factor receptor-bound protein 7 (GRB7), transcript variant 1, mRNA [NM_005310]"
"16655",-2.22921621621621,8.66332432432432,-13.7637296118376,1.0094245511285e-33,1.38884942652328e-31,65.8949195500356,"GHR","ref|Homo sapiens growth hormone receptor (GHR), mRNA [NM_000163]"
"16670",-2.78333108108108,10.3242804054054,-12.6159261760305,1.52152209460337e-29,8.78725970191924e-28,56.375460103663,"SLC19A3","ref|Homo sapiens solute carrier family 19, member 3 (SLC19A3), mRNA [NM_025243]"
"16834",-1.706,10.1013783783784,-10.1079024692442,7.45486386915465e-21,1.16153298469866e-19,36.6000740015041,"S100A1","ref|Homo sapiens S100 calcium binding protein A1 (S100A1), mRNA [NM_006271]"
"16982",1.13999324324324,10.9034493243243,3.67034960515216,0.000286782519863587,0.000708138626509295,-0.647270917659576,"LOC100290819","ref|PREDICTED: Homo sapiens hypothetical protein LOC100290819 (LOC100290819), mRNA [XM_002348278]"
"17211",-1.41147297297297,7.74967567567568,-12.0671822486564,1.3902357251063e-27,5.85902947932185e-26,51.9098242303081,"TNXB","ref|Homo sapiens tenascin XB (TNXB), transcript variant XB, mRNA [NM_019105]"
"17369",-1.19325,5.81221283783784,-9.57077350269794,4.2018120678781e-19,5.24861865247897e-18,32.6227375023585,"A_33_P3236661","Unknown"
"17491",1.16531756756757,6.56113851351351,6.74643243018813,7.84764546291266e-11,4.25391488708058e-10,13.9119338349763,"SULT2B1","ref|Homo sapiens sulfotransferase family, cytosolic, 2B, member 1 (SULT2B1), transcript variant 1, mRNA [NM_004605]"
"17493",-1.2315945945946,7.29469594594595,-13.6821312038204,2.01367054784933e-33,2.5459326548214e-31,65.2114793495639,"TBX18","ref|Homo sapiens T-box 18 (TBX18), mRNA [NM_001080508]"
"17494",1.22333108108109,5.76392905405405,10.4745645189272,4.48015654954338e-22,8.31673505506506e-21,39.3757741446029,"SHROOM2","ref|Homo sapiens shroom family member 2 (SHROOM2), mRNA [NM_001649]"
"17543",-1.21385810810811,10.2855641891892,-10.9977981156575,7.51272157040568e-24,1.78398535565268e-22,43.4138041691935,"SPTBN1","ref|Homo sapiens spectrin, beta, non-erythrocytic 1 (SPTBN1), transcript variant 2, mRNA [NM_178313]"
"17824",-1.40734459459459,7.68658445945946,-9.61784536246897,2.96408713528393e-19,3.78335596694631e-18,32.966825533064,"AVPR1A","ref|Homo sapiens arginine vasopressin receptor 1A (AVPR1A), mRNA [NM_000706]"
"17860",2.12291216216216,8.57465202702703,8.97026535914149,3.32835717723231e-17,3.42952750552704e-16,28.3141930765286,"FXYD3","ref|Homo sapiens FXYD domain containing ion transport regulator 3 (FXYD3), transcript variant 3, mRNA [NM_001136007]"
"17986",1.11971621621622,9.28487162162162,6.44969256133051,4.49952405531327e-10,2.24520250994725e-09,12.2075390912532,"COL4A5","ref|Homo sapiens collagen, type IV, alpha 5 (COL4A5), transcript variant 2, mRNA [NM_033380]"
"17989",-1.02786486486486,11.3745945945946,-9.34784343411035,2.16736562409575e-18,2.51274755626268e-17,31.0054049003184,"EPHX1","ref|Homo sapiens epoxide hydrolase 1, microsomal (xenobiotic) (EPHX1), transcript variant 1, mRNA [NM_000120]"
"18021",1.50674324324324,6.20348648648649,7.8311154040163,8.48207074223877e-14,6.25360550546776e-13,20.6014998200787,"KIF12","ref|Homo sapiens kinesin family member 12 (KIF12), mRNA [NM_138424]"
"18029",-2.17227027027027,8.99818918918919,-14.3101568887767,9.69232596779319e-36,2.06094094896984e-33,70.4930353500968,"lincRNA:chr11:86632345-86633090_R","lincRNA:chr11:86632345-86633090 reverse strand"
"18128",-1.56782432432434,11.7101959459459,-11.9796676823045,2.83920812343264e-27,1.12082832079476e-25,51.2037103355278,"LAMA4","ref|Homo sapiens laminin, alpha 4 (LAMA4), transcript variant 5, mRNA [NM_001105209]"
"18146",-2.35027702702703,7.61842905405405,-14.367859990175,5.92249841704968e-36,1.35148524853456e-33,70.9805838257385,"ACADL","ref|Homo sapiens acyl-Coenzyme A dehydrogenase, long chain (ACADL), nuclear gene encoding mitochondrial protein, mRNA [NM_001608]"
"18197",2.33789864864865,7.23127364864865,10.9338739843395,1.24355304051403e-23,2.8609012677626e-22,42.9159029276972,"EPN3","ref|Homo sapiens epsin 3 (EPN3), mRNA [NM_017957]"
"18278",-2.30027027027027,8.21037162162162,-10.281543316701,1.97983698413118e-21,3.31365918131151e-20,37.9087310209283,"NPR3","ref|Homo sapiens natriuretic peptide receptor C/guanylate cyclase C (atrionatriuretic peptide receptor C) (NPR3), mRNA [NM_000908]"
"18306",-1.42843243243243,8.55492567567568,-10.3763902424475,9.55438038190135e-22,1.68027787317799e-20,38.6280170266336,"LIMS2","ref|Homo sapiens LIM and senescent cell antigen-like domains 2 (LIMS2), transcript variant 5, mRNA [NM_001161404]"
"18358",-1.28285135135135,12.4784324324324,-11.7483491642079,1.85843977260529e-26,6.41607472785798e-25,49.3460110060585,"RHOQ","ref|Homo sapiens ras homolog gene family, member Q (RHOQ), mRNA [NM_012249]"
"18419",-1.6336891891892,11.0571554054054,-14.6654666497583,4.64406545842453e-37,1.49827160100069e-34,73.5004164665615,"GYPC","ref|Homo sapiens glycophorin C (Gerbich blood group) (GYPC), transcript variant 1, mRNA [NM_002101]"
"18463",-1.29030405405405,9.5645304054054,-9.32910539337278,2.48553692258874e-18,2.85684071839561e-17,30.8704012856876,"AOX1","ref|Homo sapiens aldehyde oxidase 1 (AOX1), mRNA [NM_001159]"
"18465",-1.10514864864864,7.54376351351351,-10.5333526561353,2.84234440055274e-22,5.39411241614025e-21,39.8250899858073,"FBXO27","ref|Homo sapiens F-box protein 27 (FBXO27), mRNA [NM_178820]"
"18476",1.31329054054054,5.02273986486486,9.11761251765047,1.15460103338021e-17,1.24595700903175e-16,29.3570237374311,"PPP2R2C","ref|Homo sapiens protein phosphatase 2 (formerly 2A), regulatory subunit B, gamma isoform (PPP2R2C), transcript variant 1, mRNA [NM_020416]"
"18619",1.42099324324324,12.0904560810811,10.0117553370711,1.54626286642878e-20,2.31469366052922e-19,35.8801192624231,"KIAA1522","ref|Homo sapiens KIAA1522 (KIAA1522), mRNA [NM_020888]"
"18684",3.16241891891893,7.96199324324324,10.7803758251788,4.15003078778664e-23,8.78454480781263e-22,41.7253895543116,"EEF1A2","ref|Homo sapiens eukaryotic translation elongation factor 1 alpha 2 (EEF1A2), mRNA [NM_001958]"
"18751",-1.50874324324325,8.51316891891892,-12.9459831181364,9.78384704633657e-31,7.323013837242e-29,59.0902907176983,"FREM1","ref|Homo sapiens FRAS1 related extracellular matrix 1 (FREM1), mRNA [NM_144966]"
"18768",-1.02313513513513,8.99062837837838,-8.91819886892109,4.8274300744328e-17,4.90395611035757e-16,27.9480220767557,"EFCAB3","ref|Homo sapiens EF-hand calcium binding domain 3 (EFCAB3), transcript variant 1, mRNA [NM_001144933]"
"18845",-1.15977027027027,7.09820945945946,-9.50312990917019,6.92701254919584e-19,8.50513509321211e-18,32.1298370998507,"BAALC","ref|Homo sapiens brain and acute leukemia, cytoplasmic (BAALC), transcript variant 1, mRNA [NM_024812]"
"18850",1.4700472972973,7.69464527027027,12.8729211829948,1.79912440493214e-30,1.26560961898836e-28,58.4876099262235,"ESPL1","ref|Homo sapiens extra spindle pole bodies homolog 1 (S. cerevisiae) (ESPL1), mRNA [NM_012291]"
"18913",-1.1113445945946,7.59420608108108,-13.4187268768703,1.85948317169226e-32,1.93303606159475e-30,63.0116440521218,"EDA","ref|Homo sapiens ectodysplasin A (EDA), transcript variant 1, mRNA [NM_001399]"
"1907",-1.08082432432433,8.00225,-9.95327534032044,2.40596482077664e-20,3.48995455243198e-19,35.4438813000232,"ABCC6","ref|Homo sapiens ATP-binding cassette, sub-family C (CFTR/MRP), member 6 (ABCC6), transcript variant 2, mRNA [NM_001079528]"
"19118",1.95980405405405,9.18095608108108,15.551287274955,2.2774201706123e-40,2.47896544809812e-37,81.0434674365532,"SQLE","ref|Homo sapiens squalene epoxidase (SQLE), mRNA [NM_003129]"
"19145",1.08821621621622,6.05590540540541,8.18224150723521,8.09231708352247e-15,6.67063600294593e-14,22.909297261891,"IL17RB","ref|Homo sapiens interleukin 17 receptor B (IL17RB), mRNA [NM_018725]"
"19284",-1.75574999999999,6.62136148648649,-12.3685217000271,1.1740433427219e-28,5.87398369759683e-27,54.354263064669,"CPA1","ref|Homo sapiens carboxypeptidase A1 (pancreatic) (CPA1), mRNA [NM_001868]"
"19449",1.0887027027027,8.30919594594595,7.50512420359568,7.08739694198681e-13,4.74657736501278e-12,18.5188541855293,"CD27","ref|Homo sapiens CD27 molecule (CD27), mRNA [NM_001242]"
"19503",1.65280405405405,8.32830743243243,13.2432113474031,8.13217997531049e-32,7.3868617329131e-30,61.5515445784774,"MLF1IP","ref|Homo sapiens MLF1 interacting protein (MLF1IP), mRNA [NM_024629]"
"19736",1.17847972972972,11.3515439189189,8.79399969491728,1.16627650067562e-16,1.15221897323272e-15,27.0795523466256,"CD9","ref|Homo sapiens CD9 molecule (CD9), mRNA [NM_001769]"
"19777",1.06714864864865,4.22962837837838,8.16154556570615,9.31064047987163e-15,7.6212031784496e-14,22.7714772511072,"CCDC144NL","ref|Homo sapiens coiled-coil domain containing 144 family, N-terminal like (CCDC144NL), mRNA [NM_001004306]"
"19792",1.16234459459459,7.08888175675676,10.0561095277988,1.10483468789485e-20,1.68352334526779e-19,36.2118261567585,"PTPN7","ref|Homo sapiens protein tyrosine phosphatase, non-receptor type 7 (PTPN7), transcript variant 2, mRNA [NM_080588]"
"19955",-1.2119527027027,8.57185472972973,-10.4294161679538,6.34928247905172e-22,1.15571764346319e-20,39.0314911445005,"FNDC4","ref|Homo sapiens fibronectin type III domain containing 4 (FNDC4), mRNA [NM_022823]"
"20105",1.78412837837838,8.22916554054054,8.40167127700817,1.80558145272639e-15,1.58619906776602e-14,24.3839518122887,"KRT83","ref|Homo sapiens keratin 83 (KRT83), mRNA [NM_002282]"
"20106",-1.04554054054054,10.4080878378378,-10.5602344426318,2.30754774536992e-22,4.42406080034445e-21,40.0309279399167,"ZEB2","ref|Homo sapiens zinc finger E-box binding homeobox 2 (ZEB2), mRNA [NM_014795]"
"20204",-1.35145945945946,6.91652027027027,-8.61525502041935,4.09987811464814e-16,3.79786729115327e-15,25.8422796685993,"CYP3A5","ref|Homo sapiens cytochrome P450, family 3, subfamily A, polypeptide 5 (CYP3A5), mRNA [NM_000777]"
"20224",1.11733108108109,14.9458277027027,3.78228270103573,0.000187673131731688,0.000476879364606646,-0.249542708958344,"ENST00000390237","ens|Ig kappa chain C region  [Source:UniProtKB/Swiss-Prot;Acc:P01834] [ENST00000390237]"
"20285",1.08110810810811,7.26416216216216,9.4438831668453,1.07164842608688e-18,1.29039159259573e-17,31.6996542889582,"C9orf116","ref|Homo sapiens chromosome 9 open reading frame 116 (C9orf116), transcript variant 1, mRNA [NM_001048265]"
"20348",1.18322972972973,7.94432432432432,9.06153085676989,1.72949006322729e-17,1.82425130006251e-16,28.9589776530504,"HAMP","ref|Homo sapiens hepcidin antimicrobial peptide (HAMP), mRNA [NM_021175]"
"20482",-1.08825,5.84254391891892,-10.3147959628333,1.53406400561532e-21,2.62389448565574e-20,38.1605535626761,"DPP6","ref|Homo sapiens dipeptidyl-peptidase 6 (DPP6), transcript variant 3, mRNA [NM_001039350]"
"20486",-3.02148648648648,12.6250067567568,-12.0066156850683,2.27922573422557e-27,9.19156722819587e-26,51.420952949957,"HBA2","ref|Homo sapiens hemoglobin, alpha 2 (HBA2), mRNA [NM_000517]"
"20547",1.12239189189189,5.76641216216216,9.78276875196025,8.66921546698235e-20,1.18407561911076e-18,34.1793101006732,"USP43","ref|Homo sapiens ubiquitin specific peptidase 43 (USP43), mRNA [NM_153210]"
"20554",1.10099324324324,10.0911858108108,6.31668341705426,9.66559971561885e-10,4.6662203787064e-09,11.4623124554645,"IL1RN","ref|Homo sapiens interleukin 1 receptor antagonist (IL1RN), transcript variant 1, mRNA [NM_173842]"
"20568",-1.55972972972974,8.51875,-9.58153101952489,3.88004412617932e-19,4.85966437008484e-18,32.7012949582418,"SLC1A7","ref|Homo sapiens solute carrier family 1 (glutamate transporter), member 7 (SLC1A7), mRNA [NM_006671]"
"20602",2.17527027027027,6.67627702702703,10.8496433471507,2.41130007917851e-23,5.26467251102695e-22,42.2617229654056,"MMP3","ref|Homo sapiens matrix metallopeptidase 3 (stromelysin 1, progelatinase) (MMP3), mRNA [NM_002422]"
"20610",-2.28660810810812,10.1995743243243,-14.3218625520362,8.77089242024506e-36,1.90838301125146e-33,70.5919112560171,"FXYD1","ref|Homo sapiens FXYD domain containing ion transport regulator 1 (FXYD1), transcript variant a, mRNA [NM_005031]"
"20760",1.97220945945946,7.17265878378378,10.0854111089839,8.84477134045731e-21,1.36553928484024e-19,36.4313555414067,"PRLR","ref|Homo sapiens prolactin receptor (PRLR), mRNA [NM_000949]"
"20909",1.26650675675676,6.63383445945946,10.9556911081853,1.04718768392187e-23,2.44937199269325e-22,43.0856973878714,"HMGB3","ref|Homo sapiens high-mobility group box 3 (HMGB3), mRNA [NM_005342]"
"21034",1.21913513513513,7.53708783783784,10.2548721389513,2.4286751235887e-21,3.9864358695256e-20,37.7070285473862,"ZNF497","ref|Homo sapiens zinc finger protein 497 (ZNF497), mRNA [NM_198458]"
"21093",1.06126351351352,9.64323310810811,8.31003436942779,3.38788463825887e-15,2.91065644403581e-14,23.7651591257617,"PHLDA2","ref|Homo sapiens pleckstrin homology-like domain, family A, member 2 (PHLDA2), mRNA [NM_003311]"
"21205",1.16761486486487,7.20861824324324,10.3114911330523,1.5734803548763e-21,2.68150859749047e-20,38.1355088803896,"HIST1H3J","ref|Homo sapiens histone cluster 1, H3j (HIST1H3J), mRNA [NM_003535]"
"21272",1.4127972972973,8.77883108108108,10.3225122752116,1.44581285278183e-21,2.47747711549942e-20,38.2190440911455,"ENST00000372591","ens|Forkhead box protein O6  [Source:UniProtKB/Swiss-Prot;Acc:A8MYZ6] [ENST00000372591]"
"21317",-1.07714864864865,7.72976351351351,-11.6152815374475,5.44478832143998e-26,1.7566013632894e-24,48.2833081251666,"CDC14B","ref|Homo sapiens CDC14 cell division cycle 14 homolog B (S. cerevisiae) (CDC14B), transcript variant 1, mRNA [NM_003671]"
"21354",-1.70947297297297,9.55645945945946,-13.9628596452233,1.86464999201525e-34,3.06064303952538e-32,67.5664135094617,"TGFBR3","ref|Homo sapiens transforming growth factor, beta receptor III (TGFBR3), mRNA [NM_003243]"
"21373",-1.02919594594594,9.57570608108108,-9.06632503800234,1.67085813360263e-17,1.76638968338827e-16,28.9929506854079,"MARCH2","ref|Homo sapiens membrane-associated ring finger (C3HC4) 2 (MARCH2), transcript variant 1, mRNA [NM_016496]"
"21576",1.86109459459459,13.204972972973,6.18249762831316,2.06616824191755e-09,9.60311478955818e-09,10.7225315280355,"TFF3","ref|Homo sapiens trefoil factor 3 (intestinal) (TFF3), mRNA [NM_003226]"
"21593",-3.01699324324323,10.843097972973,-13.5423149164803,6.56090645525248e-33,7.48583424333441e-31,64.0425562976584,"TUSC5","ref|Homo sapiens tumor suppressor candidate 5 (TUSC5), mRNA [NM_172367]"
"21690",1.19283783783784,7.71258783783784,8.21064483959426,6.67316410116073e-15,5.53494001156558e-14,23.0988015601476,"MSR1","ref|Homo sapiens macrophage scavenger receptor 1 (MSR1), transcript variant SR-AII, mRNA [NM_002445]"
"21691",2.18654054054054,5.48830405405405,15.5227066321432,2.91455963329193e-40,2.47896544809812e-37,80.7992907032257,"KIF14","ref|Homo sapiens kinesin family member 14 (KIF14), mRNA [NM_014875]"
"21700",-1.03047297297297,6.0790472972973,-9.3006930895189,3.05844808810974e-18,3.46426638164101e-17,30.6659791084043,"GAS2L2","ref|Homo sapiens growth arrest-specific 2 like 2 (GAS2L2), mRNA [NM_139285]"
"21714",1.09208108108108,11.6704527027027,3.48733021575807,0.00056111330241944,0.00131540367262247,-1.27401032620886,"A_33_P3320683","Unknown"
"21723",-1.70737162162163,7.6951722972973,-9.74468527108776,1.15258057064989e-19,1.54713684634152e-18,33.8983824926706,"lincRNA:chr6:154718233-154725333_F","lincRNA:chr6:154718233-154725333 forward strand"
"21737",-1.92772972972974,11.6851959459459,-8.21215607696428,6.60497730649251e-15,5.48811435875168e-14,23.1088959844968,"FOSB","ref|Homo sapiens FBJ murine osteosarcoma viral oncogene homolog B (FOSB), transcript variant 1, mRNA [NM_006732]"
"21740",-1.04717567567568,10.5083513513514,-10.5648663097976,2.22608814925172e-22,4.2931294553028e-21,40.0664188666925,"KCNJ8","ref|Homo sapiens potassium inwardly-rectifying channel, subfamily J, member 8 (KCNJ8), mRNA [NM_004982]"
"21760",2.53935135135136,6.22443243243243,9.3985799766177,1.49466346152291e-18,1.76121805365344e-17,31.3716896104573,"SYT13","ref|Homo sapiens synaptotagmin XIII (SYT13), mRNA [NM_020826]"
"21800",1.12503378378378,6.03200337837838,11.3593338903925,4.25000091464727e-25,1.17642037152189e-23,46.2521492720984,"DNASE1L2","ref|Homo sapiens deoxyribonuclease I-like 2 (DNASE1L2), mRNA [NM_001374]"
"21902",1.12162162162162,5.12694594594595,5.50654196024158,7.88959011388449e-08,3.06286328238603e-07,7.18691090989054,"CST9","ref|Homo sapiens cystatin 9 (testatin) (CST9), mRNA [NM_001008693]"
"22010",-2.4024527027027,10.0501925675676,-10.9886116415946,8.07760512144715e-24,1.90843619990554e-22,43.3421760266045,"CALB2","ref|Homo sapiens calbindin 2 (CALB2), transcript variant CALB2, mRNA [NM_001740]"
"22072",1.44196621621621,6.41944932432432,6.76967782745738,6.82840696425119e-11,3.71865981126508e-10,14.0478409387688,"ANKRD30A","ref|Homo sapiens ankyrin repeat domain 30A (ANKRD30A), mRNA [NM_052997]"
"22229",-1.45672972972973,6.41393918918919,-9.3373733354074,2.33980447243048e-18,2.69928614599995e-17,30.9299518467769,"CADM2","ref|Homo sapiens cell adhesion molecule 2 (CADM2), mRNA [NM_153184]"
"2231",-1.30335135135135,5.69672297297297,-12.0625036690123,1.44439539045849e-27,6.05998353055141e-26,51.8720305182466,"S100B","ens|Protein S100-B (S100 calcium-binding protein B)(S-100 protein subunit beta)(S-100 protein beta chain) [Source:UniProtKB/Swiss-Prot;Acc:P04271] [ENST00000397648]"
"22400",-1.60966891891892,6.64469256756757,-10.443103567912,5.71277154019531e-22,1.04188480565433e-20,39.1357932508653,"IL8RB","ref|Homo sapiens interleukin 8 receptor, beta (IL8RB), mRNA [NM_001557]"
"22459",-2.67188513513514,8.69216554054054,-13.2906361107781,5.46085411183096e-32,5.26719083198871e-30,61.9455948493691,"KLB","ref|Homo sapiens klotho beta (KLB), mRNA [NM_175737]"
"2248",-1.95568243243243,7.61824662162162,-13.6704998418203,2.22181428179844e-33,2.7716392560675e-31,65.1141324984281,"PYGM","ref|Homo sapiens phosphorylase, glycogen, muscle (PYGM), transcript variant 1, mRNA [NM_005609]"
"22509",-1.59079729729729,8.25362162162162,-11.4352534488103,2.31450813860596e-25,6.74596203887769e-24,46.8528188283613,"MAPK10","ref|Homo sapiens mitogen-activated protein kinase 10 (MAPK10), transcript variant 3, mRNA [NM_138980]"
"22620",1.20539189189189,13.8571824324324,12.3213381282804,1.73106397672244e-28,8.4794945372854e-27,53.9702179874458,"VAMP8","ref|Homo sapiens vesicle-associated membrane protein 8 (endobrevin) (VAMP8), mRNA [NM_003761]"
"22992",1.45193243243243,6.7890472972973,12.8777479574955,1.72820975682178e-30,1.22493412763822e-28,58.52739613558,"lincRNA:chr8:128866972-128902987_F","lincRNA:chr8:128866972-128902987 forward strand"
"22996",1.4350472972973,8.427875,12.1746653637848,5.77033166447326e-28,2.6080784083484e-26,52.7794347032776,"CCNB1","ref|Homo sapiens cyclin B1 (CCNB1), mRNA [NM_031966]"
"23113",1.24556756756756,9.04358108108108,9.1987931369256,6.41757851337802e-18,7.08052648244868e-17,29.9356503254813,"TMEM30B","ref|Homo sapiens transmembrane protein 30B (TMEM30B), mRNA [NM_001017970]"
"23218",1.09881081081081,7.53425,10.2653636736627,2.24116997420037e-21,3.71779898557069e-20,37.7863417554231,"FAM108C1","ref|Homo sapiens family with sequence similarity 108, member C1 (FAM108C1), mRNA [NM_021214]"
"23319",-1.55191891891892,7.92752027027027,-10.9247985435993,1.3356563626043e-23,3.04790266549409e-22,42.8453144859779,"NTRK3","ref|Homo sapiens neurotrophic tyrosine kinase, receptor, type 3 (NTRK3), transcript variant 1, mRNA [NM_001012338]"
"23389",1.34839864864865,5.97361824324324,12.3278038649168,1.64141041803723e-28,8.14763828275081e-27,54.0228173189109,"DNAH14","ref|Homo sapiens dynein, axonemal, heavy chain 14 (DNAH14), transcript variant 1, mRNA [NM_001373]"
"23492",1.15347972972973,7.47757094594595,9.10427435019326,1.27122375131298e-17,1.36394144693626e-16,29.2622291084374,"ENST00000408042","ens|Kinesin-like protein KIF16B (Sorting nexin-23) [Source:UniProtKB/Swiss-Prot;Acc:Q96L93] [ENST00000408042]"
"23519",1.00560135135135,6.57598310810811,5.58993098574807,5.12071767763617e-08,2.03006078779508e-07,7.60535630017724,"TMEM26","ref|Homo sapiens transmembrane protein 26 (TMEM26), mRNA [NM_178505]"
"23548",1.20324999999999,7.7564222972973,11.1090526486847,3.11632491521371e-24,7.7337761025834e-23,44.2832484108438,"PDCD1","ref|Homo sapiens programmed cell death 1 (PDCD1), mRNA [NM_005018]"
"23598",1.50382432432432,6.30380405405405,8.0471854525373,2.01295383039922e-14,1.59333299807235e-13,22.0139284796047,"CXADR","ref|Homo sapiens coxsackie virus and adenovirus receptor (CXADR), mRNA [NM_001338]"
"23607",1.29045270270271,8.91685472972973,13.0094611912259,5.75880899440619e-31,4.4528443761706e-29,59.6146777869525,"MCM2","ref|Homo sapiens minichromosome maintenance complex component 2 (MCM2), mRNA [NM_004526]"
"23653",1.17597297297297,7.84512837837838,11.4223845947677,2.56592204968266e-25,7.43243550985478e-24,46.7508919567801,"A_33_P3255824","Unknown"
"23711",2.19682432432433,7.8344527027027,11.2359691204253,1.13715251461973e-24,2.98016776660566e-23,45.2794661040101,"PARD6B","ref|Homo sapiens par-6 partitioning defective 6 homolog beta (C. elegans) (PARD6B), mRNA [NM_032521]"
"23719",1.09824324324324,6.53582432432432,11.4824953996797,1.58449252334425e-25,4.76672413132116e-24,47.2273748627348,"LRP8","ref|Homo sapiens low density lipoprotein receptor-related protein 8, apolipoprotein e receptor (LRP8), transcript variant 2, mRNA [NM_033300]"
"23768",-2.64962162162162,8.51303378378378,-12.0441966473959,1.67730176091311e-27,6.94373242261198e-26,51.724193811859,"LVRN","ref|Homo sapiens laeverin (LVRN), mRNA [NM_173800]"
"2377",-1.09277027027026,7.73265540540541,-12.0833715148901,1.21797738464539e-27,5.17972564124649e-26,52.040640014484,"PDP2","ref|Homo sapiens pyruvate dehyrogenase phosphatase catalytic subunit 2 (PDP2), mRNA [NM_020786]"
"23817",-1.20162837837838,11.2137195945946,-11.0565920251326,4.72102553049028e-24,1.14429831251987e-22,43.8728204120308,"TESC","ref|Homo sapiens tescalcin (TESC), mRNA [NM_017899]"
"23884",1.066,7.58195945945946,6.64273357594725,1.45380626163453e-10,7.60727706032027e-10,13.3098428058171,"KRT86","ref|Homo sapiens keratin 86 (KRT86), mRNA [NM_002284]"
"24013",-2.83031756756756,8.48442905405405,-14.7775854497504,1.77603917305264e-37,6.39100865503095e-35,74.4518564675231,"ACVR1C","ref|Homo sapiens activin A receptor, type IC (ACVR1C), transcript variant 1, mRNA [NM_145259]"
"24041",2.03523648648649,6.73730067567568,14.2168121888999,2.14862064105414e-35,4.18920522514123e-33,69.7050937965742,"MELK","ref|Homo sapiens maternal embryonic leucine zipper kinase (MELK), mRNA [NM_014791]"
"24085",1.55652702702703,6.40318918918919,9.60422167684235,3.27937174028247e-19,4.14059406235935e-18,32.8671472544961,"MFSD2A","ref|Homo sapiens major facilitator superfamily domain containing 2A (MFSD2A), transcript variant 1, mRNA [NM_001136493]"
"2441",1.24219594594595,5.11145608108108,7.08830544789355,9.81230218623649e-12,5.82881900028118e-11,15.9447858315507,"LOC727941","ref|PREDICTED: Homo sapiens similar to RIKEN cDNA 4930443G12 (LOC727941), miscRNA [XR_015169]"
"24425",1.08327027027027,5.10473648648649,6.4939451634297,3.48012030034207e-10,1.75053793172045e-09,12.4580783362,"C1orf168","ref|Homo sapiens chromosome 1 open reading frame 168 (C1orf168), mRNA [NM_001004303]"
"24485",1.01081081081082,5.3400472972973,8.30270813367502,3.5620687351205e-15,3.04631764952353e-14,23.7158694030929,"OTX1","ref|Homo sapiens orthodenticle homeobox 1 (OTX1), mRNA [NM_014562]"
"24497",-1.28949324324324,13.1476993243243,-13.0730848599864,3.38320432434164e-31,2.70540680842226e-29,60.1409641569436,"PGM1","ref|Homo sapiens phosphoglucomutase 1 (PGM1), mRNA [NM_002633]"
"24510",1.85568243243243,7.66904391891892,11.3717761747143,3.84751111421702e-25,1.07776389175492e-23,46.3504846011065,"ERBB3","ref|Homo sapiens v-erb-b2 erythroblastic leukemia viral oncogene homolog 3 (avian) (ERBB3), transcript variant s, mRNA [NM_001005915]"
"24526",1.28203378378378,5.1911722972973,9.24822740857626,4.48187600884377e-18,5.00387015975445e-17,30.2893967928031,"ARMC3","ref|Homo sapiens armadillo repeat containing 3 (ARMC3), mRNA [NM_173081]"
"24584",2.57357432432433,8.754125,9.40877265663674,1.38696728155829e-18,1.64259061851384e-17,31.4454035987014,"RAB25","ref|Homo sapiens RAB25, member RAS oncogene family (RAB25), mRNA [NM_020387]"
"24634",1.01322972972973,5.03432432432432,6.66848182840791,1.24822050939628e-10,6.59421292259267e-10,13.4586982095735,"NBPF6","ref|Homo sapiens neuroblastoma breakpoint family, member 6 (NBPF6), transcript variant 2, mRNA [NM_001143988]"
"24636",-1.40325675675676,8.18084459459459,-11.8190496918529,1.04796449626709e-26,3.77105993349034e-25,49.9124316082393,"FERMT2","ref|Homo sapiens fermitin family homolog 2 (Drosophila) (FERMT2), transcript variant 3, mRNA [NM_001135000]"
"24670",2.26891216216217,14.5252398648649,15.5940223604768,1.57478801197366e-40,2.10481666286079e-37,81.4086527390725,"COL1A1","ref|Homo sapiens collagen, type I, alpha 1 (COL1A1), mRNA [NM_000088]"
"24693",-1.47647297297297,7.13133783783784,-11.7177392691512,2.38069520147497e-26,8.01215262769779e-25,49.1011609464952,"TMEM195","ref|Homo sapiens transmembrane protein 195 (TMEM195), mRNA [NM_001004320]"
"24739",2.15315540540541,5.96886148648649,15.430361171496,6.46515097378495e-40,4.03253016738213e-37,80.0106525575541,"DLGAP5","ref|Homo sapiens discs, large (Drosophila) homolog-associated protein 5 (DLGAP5), transcript variant 1, mRNA [NM_014750]"
"24749",1.51826351351351,6.94032094594595,12.7603274790691,4.5913751279593e-30,2.94225381487584e-28,57.5607233994949,"AURKA","ref|Homo sapiens aurora kinase A (AURKA), transcript variant 1, mRNA [NM_198433]"
"24795",1.2617972972973,9.00198648648649,10.2383940140429,2.75512981732389e-21,4.50646758232208e-20,37.582536273792,"SKAP1","ref|Homo sapiens src kinase associated phosphoprotein 1 (SKAP1), transcript variant 1, mRNA [NM_003726]"
"24983",-1.31728378378379,9.31868918918919,-9.48948293029752,7.66039946722594e-19,9.3687186163877e-18,32.0306207065102,"AOX1","ref|Homo sapiens aldehyde oxidase 1 (AOX1), mRNA [NM_001159]"
"25088",1.20869594594594,5.9248277027027,7.71418559148822,1.82846909711537e-13,1.30888728941174e-12,19.8476759950094,"LPPR3","ref|Homo sapiens lipid phosphate phosphatase-related protein type 3 (LPPR3), mRNA [NM_024888]"
"25162",1.20121621621622,10.8937972972973,11.0132898147643,6.64779179836405e-24,1.59070946459064e-22,43.5346518352178,"MXRA5","ref|Homo sapiens matrix-remodelling associated 5 (MXRA5), mRNA [NM_015419]"
"25169",1.35719594594594,8.55126013513513,10.3365053683916,1.29845605316309e-21,2.23726608349795e-20,38.3251658244671,"MST1R","ref|Homo sapiens macrophage stimulating 1 receptor (c-met-related tyrosine kinase) (MST1R), mRNA [NM_002447]"
"25290",-2.0701554054054,6.83149662162162,-12.4937232359305,4.18086388156626e-29,2.23520928433908e-27,55.3755665184342,"EPB41L4B","ref|Homo sapiens erythrocyte membrane protein band 4.1 like 4B (EPB41L4B), transcript variant 2, mRNA [NM_019114]"
"25306",-1.49613513513513,6.52947972972973,-11.5779029463721,7.35812761550615e-26,2.34957822425514e-24,47.9856051657548,"ELOVL3","ref|Homo sapiens elongation of very long chain fatty acids (FEN1/Elo2, SUR4/Elo3, yeast)-like 3 (ELOVL3), mRNA [NM_152310]"
"25331",-1.57285135135135,9.28194594594595,-11.2443421831926,1.06381315568589e-24,2.80367208016823e-23,45.3453504406623,"LIFR","ref|Homo sapiens leukemia inhibitory factor receptor alpha (LIFR), transcript variant 2, mRNA [NM_002310]"
"25453",-1.76366891891892,10.9470506756757,-12.4893856468853,4.33335619933949e-29,2.3035727614216e-27,55.3401300603252,"TWIST2","ref|Homo sapiens twist homolog 2 (Drosophila) (TWIST2), mRNA [NM_057179]"
"25455",-1.11532432432433,4.62710135135135,-11.5348526069563,1.04041625548439e-25,3.22322333983839e-24,47.6431773031091,"ENST00000344941","ens|Peptide/histidine transporter ENSP00000340402  [Source:UniProtKB/Swiss-Prot;Acc:A6NIM6] [ENST00000344941]"
"25468",-1.32480405405405,8.81623986486487,-10.39051668239,8.56961268151887e-22,1.51850939864187e-20,38.7354116097624,"LOC285095","ens|Putative uncharacterized protein ENSP00000385767  [Source:UniProtKB/TrEMBL;Acc:B5MC26] [ENST00000401641]"
"25485",-1.47188513513513,7.28284121621622,-12.8059256417934,3.1425651466488e-30,2.1152402526652e-28,57.9358136767702,"KCNAB1","ref|Homo sapiens potassium voltage-gated channel, shaker-related subfamily, beta member 1 (KCNAB1), transcript variant 2, mRNA [NM_003471]"
"25515",1.97779054054054,10.0253885135135,15.4678082376793,4.6805313342214e-40,3.36854239715195e-37,80.3303957343417,"RECQL4","ref|Homo sapiens RecQ protein-like 4 (RECQL4), mRNA [NM_004260]"
"25517",-1.16106081081081,8.04765878378378,-9.9564005700423,2.34986000551195e-20,3.41917421641832e-19,35.4671621448305,"ABCC6","ref|Homo sapiens ATP-binding cassette, sub-family C (CFTR/MRP), member 6 (ABCC6), transcript variant 2, mRNA [NM_001079528]"
"25729",1.0826081081081,7.65252702702703,3.94133734777369,0.000100953571813956,0.000267721547021363,0.334236311447445,"IGLV3-25","gb|Homo sapiens immunoglobulin lambda variable 3-25, mRNA (cDNA clone IMAGE:4856249). [BC022823]"
"25806",-1.48019594594594,8.58894256756757,-13.9956795124369,1.41091988908702e-34,2.40010299678149e-32,67.8423801370291,"PGM5","ref|Homo sapiens phosphoglucomutase 5 (PGM5), mRNA [NM_021965]"
"25943",-2.07839864864864,7.55535472972973,-13.6524339036049,2.58847474066527e-33,3.10484226585439e-31,64.9629693127406,"SYN2","ref|Homo sapiens synapsin II (SYN2), transcript variant IIa, mRNA [NM_133625]"
"25972",-1.73166891891891,8.89992905405405,-11.6168021368749,5.37845111354855e-26,1.74724960480417e-24,48.2954265860192,"PTGER3","ref|Homo sapiens prostaglandin E receptor 3 (subtype EP3) (PTGER3), transcript variant 4, mRNA [NM_198714]"
"25984",1.51576351351351,7.0585777027027,12.8600945620057,2.00199533201725e-30,1.39781106913085e-28,58.3819028454989,"HELLS","ref|Homo sapiens helicase, lymphoid-specific (HELLS), mRNA [NM_018063]"
"25985",-1.28068243243244,11.4648141891892,-12.2685354314234,2.67167768902334e-28,1.2951407491452e-26,53.5409966103244,"PHLDA3","ref|Homo sapiens pleckstrin homology-like domain, family A, member 3 (PHLDA3), mRNA [NM_012396]"
"26316",1.63087837837838,5.27004054054054,10.7981726346442,3.61017567832658e-23,7.65913914884885e-22,41.8630466461321,"FBN2","ref|Homo sapiens fibrillin 2 (FBN2), mRNA [NM_001999]"
"26340",-1.22063513513513,10.4474054054054,-11.6604269894819,3.78281031465845e-26,1.25059976339026e-24,48.6433473621611,"CLIP4","ref|Homo sapiens CAP-GLY domain containing linker protein family, member 4 (CLIP4), mRNA [NM_024692]"
"26342",-1.2009527027027,10.6721722972973,-11.2979449868459,6.93925032317647e-25,1.8709978681164e-23,45.7675944500447,"CUGBP2","ref|Homo sapiens CUG triplet repeat, RNA binding protein 2 (CUGBP2), transcript variant 3, mRNA [NM_001025077]"
"26478",1.16693918918919,6.73394932432432,8.31781104570944,3.21220798851653e-15,2.76990027101942e-14,23.8175089320989,"MYO5B","ref|Homo sapiens myosin VB (MYO5B), mRNA [NM_001080467]"
"26480",-1.76252027027027,12.422097972973,-11.1167803997547,2.93116851093539e-24,7.29362036923177e-23,44.3437744769792,"CCL14","ref|Homo sapiens chemokine (C-C motif) ligand 14 (CCL14), transcript variant 3, mRNA [NM_032963]"
"26626",1.74191891891892,5.5100472972973,13.9250517006049,2.57054924419525e-34,4.00834312144845e-32,67.2486683935834,"CEP55","ref|Homo sapiens centrosomal protein 55kDa (CEP55), transcript variant 1, mRNA [NM_018131]"
"26671",1.12785135135135,5.71493243243243,11.8194604579235,1.04447852368639e-26,3.77105993349034e-25,49.9157260516695,"SSX2IP","ref|Homo sapiens synovial sarcoma, X breakpoint 2 interacting protein (SSX2IP), transcript variant 5, mRNA [NM_014021]"
"26684",1.00101351351351,10.4501621621622,13.8720241672537,4.03136151661539e-34,6.08345457249251e-32,66.8033154452007,"TIMELESS","ref|Homo sapiens timeless homolog (Drosophila) (TIMELESS), mRNA [NM_003920]"
"26687",-1.11741216216216,10.3573344594595,-11.9030959410462,5.29545737707667e-27,1.98973089236664e-25,50.5873508864832,"EHBP1","ref|Homo sapiens EH domain binding protein 1 (EHBP1), transcript variant 1, mRNA [NM_015252]"
"26765",-1.11649999999999,12.3691554054054,-10.3848200680134,8.95396071655796e-22,1.58361543410428e-20,38.69209558171,"C13orf15","ref|Homo sapiens chromosome 13 open reading frame 15 (C13orf15), mRNA [NM_014059]"
"26870",2.10825000000001,7.14619932432432,9.98248137236405,1.92959180398939e-20,2.87497309943838e-19,35.6615882965876,"ATP2C2","ref|Homo sapiens ATPase, Ca++ transporting, type 2C, member 2 (ATP2C2), mRNA [NM_014861]"
"27015",-1.57537162162162,11.3538277027027,-14.5593713955334,1.15203246823393e-36,3.07954736365618e-34,72.6011333733968,"ACSS2","ref|Homo sapiens acyl-CoA synthetase short-chain family member 2 (ACSS2), transcript variant 1, mRNA [NM_018677]"
"27130",-1.8351554054054,5.3231722972973,-10.9198204695263,1.38902821602754e-23,3.14667021529144e-22,42.8066057937009,"KCNA4","ref|Homo sapiens potassium voltage-gated channel, shaker-related subfamily, member 4 (KCNA4), mRNA [NM_002233]"
"27156",-1.93002027027028,13.6681452702703,-14.2167789825057,2.149228845733e-35,4.18920522514123e-33,69.7048136636941,"C7orf41","ref|Homo sapiens chromosome 7 open reading frame 41 (C7orf41), mRNA [NM_152793]"
"27178",-1.38950675675675,8.88532094594595,-12.899286673299,1.44424518548211e-30,1.04746960894346e-28,58.7049866973025,"LDB2","ref|Homo sapiens LIM domain binding 2 (LDB2), transcript variant 1, mRNA [NM_001290]"
"27255",-1.79533783783784,6.21693918918919,-10.5690300044414,2.15530674916235e-22,4.16633263329813e-21,40.0983285063469,"lincRNA:chr4:68298815-68299154_F","lincRNA:chr4:68298815-68299154 forward strand"
"27317",1.28289864864865,5.44954391891892,7.48854042138329,7.88339651875834e-13,5.25709606767662e-12,18.4145043164182,"FOXJ1","ref|Homo sapiens forkhead box J1 (FOXJ1), mRNA [NM_001454]"
"27321",1.84337837837838,6.59964864864865,13.7803334072063,8.7700021485297e-34,1.22465880748722e-31,66.0340961468591,"HIST1H1B","ref|Homo sapiens histone cluster 1, H1b (HIST1H1B), mRNA [NM_005322]"
"27489",1.91561486486486,10.8562736486486,10.8517812075388,2.37117428932523e-23,5.20767761758847e-22,42.2782998849948,"CFB","ref|Homo sapiens complement factor B (CFB), mRNA [NM_001710]"
"27691",-1.40738513513513,10.6588277027027,-14.19774881685,2.5276462603979e-35,4.82625681883322e-33,69.5442931390821,"RNASE4","ref|Homo sapiens ribonuclease, RNase A family, 4 (RNASE4), transcript variant 2, mRNA [NM_002937]"
"27760",1.46562162162162,6.64267567567568,7.55141263871421,5.26148567907043e-13,3.55682514547564e-12,18.8109443068653,"WNK4","ref|Homo sapiens WNK lysine deficient protein kinase 4 (WNK4), mRNA [NM_032387]"
"27908",-1.3326418918919,9.65761148648649,-11.4013603703546,3.03646724778018e-25,8.66133767385101e-24,46.5844668813131,"DSEL","ref|Homo sapiens dermatan sulfate epimerase-like (DSEL), mRNA [NM_032160]"
"27997",-1.09712162162162,6.09507432432432,-8.16317683729494,9.20835901657801e-15,7.54408116979894e-14,22.7823323225903,"CMTM2","ref|Homo sapiens CKLF-like MARVEL transmembrane domain containing 2 (CMTM2), mRNA [NM_144673]"
"28020",-1.13571621621621,8.26001351351351,-10.6297804609245,1.3442547203566e-22,2.68163052529985e-21,40.5645503661618,"TMEM47","ref|Homo sapiens transmembrane protein 47 (TMEM47), mRNA [NM_031442]"
"28063",-1.34589864864864,12.1666114864865,-11.8209374677664,1.03203904781104e-26,3.74254160128685e-25,49.9275723673353,"FAH","ref|Homo sapiens fumarylacetoacetate hydrolase (fumarylacetoacetase) (FAH), mRNA [NM_000137]"
"28075",-1.32716216216216,10.1863175675676,-10.0457566862921,1.1950879310661e-20,1.81513679919716e-19,36.1343369100748,"IL33","ref|Homo sapiens interleukin 33 (IL33), mRNA [NM_033439]"
"28139",-1.30602702702703,8.09294594594595,-10.6595295772979,1.06633707898056e-22,2.16413225833885e-21,40.7932927092692,"STS","ref|Homo sapiens steroid sulfatase (microsomal), isozyme S (STS), mRNA [NM_000351]"
"28148",-1.85124324324324,9.12493918918919,-13.7089562243676,1.60485539185208e-33,2.1147925417138e-31,65.4360574681888,"lincRNA:chr2:120459730-120511405_R","lincRNA:chr2:120459730-120511405 reverse strand"
"28156",-1.12866891891891,8.24929391891892,-10.4845748320053,4.14646686603518e-22,7.72795697183767e-21,39.45220135093,"ST6GALNAC3","ref|Homo sapiens ST6 (alpha-N-acetyl-neuraminyl-2,3-beta-galactosyl-1,3)-N-acetylgalactosaminide alpha-2,6-sialyltransferase 3 (ST6GALNAC3), transcript variant 1, mRNA [NM_152996]"
"28303",-1.17905405405405,6.09137162162162,-15.3279000305682,1.56398005201007e-39,8.60741021565072e-37,79.136206845205,"LEPR","ref|Homo sapiens leptin receptor (LEPR), transcript variant 1, mRNA [NM_002303]"
"28304",-1.21526351351351,5.10277364864865,-11.1027732387676,3.27531797589566e-24,8.10684523346026e-23,44.2340789368733,"ENST00000457137","ens|Vitrin Precursor  [Source:UniProtKB/Swiss-Prot;Acc:Q6UXI7] [ENST00000457137]"
"28310",-1.06812162162162,9.59177702702703,-9.53684834435057,5.40034789040092e-19,6.67445903072536e-18,32.375302402882,"TPPP","ref|Homo sapiens tubulin polymerization promoting protein (TPPP), mRNA [NM_007030]"
"28320",1.08085135135134,6.83839189189189,9.92097904669594,3.0696867668371e-20,4.41845990623506e-19,35.2035096912173,"E2F5","ref|Homo sapiens E2F transcription factor 5, p130-binding (E2F5), transcript variant 1, mRNA [NM_001951]"
"28390",1.2987027027027,6.76360135135135,7.83878881893559,8.06305954608025e-14,5.96347708404165e-13,20.6512303122927,"NR2E3","ref|Homo sapiens nuclear receptor subfamily 2, group E, member 3 (NR2E3), transcript variant 2, mRNA [NM_014249]"
"28415",1.5399054054054,6.55657432432432,11.6862135195845,3.07165549525646e-26,1.02472222138989e-24,48.8492293506748,"CAMK2N2","ref|Homo sapiens calcium/calmodulin-dependent protein kinase II inhibitor 2 (CAMK2N2), mRNA [NM_033259]"
"28470",-1.49674324324325,9.98236486486486,-8.0605458204099,1.84019205777459e-14,1.46401674256285e-13,22.1020784001166,"PPP1R1B","ref|Homo sapiens protein phosphatase 1, regulatory (inhibitor) subunit 1B (PPP1R1B), transcript variant 1, mRNA [NM_032192]"
"28578",1.21598648648649,10.1559121621622,10.4692824049229,4.66686190873492e-22,8.62908300753438e-21,39.3354595245906,"HIST1H3D","ref|Homo sapiens histone cluster 1, H3d (HIST1H3D), mRNA [NM_003530]"
"28581",1.28290540540541,6.37798648648649,11.4976051865149,1.40346419611273e-25,4.26325033078919e-24,47.3472973368153,"MYBL2","ref|Homo sapiens v-myb myeloblastosis viral oncogene homolog (avian)-like 2 (MYBL2), mRNA [NM_002466]"
"28649",1.21835135135135,7.97042567567568,8.54374685408364,6.75120463214901e-16,6.16236785740353e-15,25.3515574127689,"VWA2","ref|Homo sapiens von Willebrand factor A domain containing 2 (VWA2), mRNA [NM_198496]"
"28768",1.14687162162162,4.78428040540541,5.90819795293928,9.40716053041401e-09,4.0728086035425e-08,9.24874932952756,"HOXB13","ref|Homo sapiens homeobox B13 (HOXB13), mRNA [NM_006361]"
"28770",-1.0059054054054,5.84078378378378,-10.373018773496,9.80557399836972e-22,1.71478411829434e-20,38.6023959079179,"ENST00000264202","ens|F-actin-capping protein subunit beta (CapZ beta) [Source:UniProtKB/Swiss-Prot;Acc:P47756] [ENST00000264202]"
"28852",-3.26431756756757,11.7150506756757,-13.8429699631275,5.15776849283623e-34,7.54001281546496e-32,66.5594541580971,"GPD1","ref|Homo sapiens glycerol-3-phosphate dehydrogenase 1 (soluble) (GPD1), mRNA [NM_005276]"
"2890",1.20008108108108,9.88759459459459,3.62718152379466,0.000336809157257982,0.000821691388606436,-0.797744229316399,"MMP7","ref|Homo sapiens matrix metallopeptidase 7 (matrilysin, uterine) (MMP7), mRNA [NM_002423]"
"28907",1.49377702702703,7.9305777027027,8.83243166116213,8.88346481511595e-17,8.86073526761459e-16,27.3475321514156,"RUNX1","ref|Homo sapiens runt-related transcription factor 1 (RUNX1), transcript variant 3, mRNA [NM_001122607]"
"28936",1.63544594594595,6.76777702702703,8.22750810260158,5.95019420557936e-15,4.97942906864047e-14,23.2115072332478,"LYPD3","ref|Homo sapiens LY6/PLAUR domain containing 3 (LYPD3), mRNA [NM_014400]"
"29071",1.04960135135135,5.40586148648649,5.58835783259923,5.16287994178911e-08,2.04590871390847e-07,7.59741502710288,"KIF1A","ref|Homo sapiens kinesin family member 1A (KIF1A), mRNA [NM_004321]"
"29166",-1.10666216216217,5.87712837837838,-11.8341231480526,9.27329346535629e-27,3.3759118156371e-25,50.0333512040032,"RGS6","ref|Homo sapiens regulator of G-protein signaling 6 (RGS6), mRNA [NM_004296]"
"29218",-1.53492567567568,11.8202263513514,-8.51130205418555,8.45893539671682e-16,7.63916984282651e-15,25.12972165471,"APOD","ref|Homo sapiens apolipoprotein D (APOD), mRNA [NM_001647]"
"29270",1.20195945945946,5.66337162162162,8.0789623229834,1.62584540351542e-14,1.30123264288197e-13,22.2237415059339,"MS4A1","ref|Homo sapiens membrane-spanning 4-domains, subfamily A, member 1 (MS4A1), transcript variant 1, mRNA [NM_152866]"
"29341",-1.93647297297297,13.2753851351351,-13.9515512697301,2.05261964499483e-34,3.31108782733993e-32,67.4713572850393,"ALDH2","ref|Homo sapiens aldehyde dehydrogenase 2 family (mitochondrial) (ALDH2), nuclear gene encoding mitochondrial protein, mRNA [NM_000690]"
"29345",-1.10525,7.642625,-10.5646355488933,2.23007793424237e-22,4.2931294553028e-21,40.064650532216,"LOC100130943","ref|PREDICTED: Homo sapiens hypothetical LOC100130943 (LOC100130943), mRNA [XM_001722618]"
"29703",-2.02479054054054,12.6542128378378,-12.5355787735302,2.95836884837153e-29,1.62814699678612e-27,55.7177046961513,"TNXB","ref|Homo sapiens tenascin XB (TNXB), transcript variant XB, mRNA [NM_019105]"
"29742",-1.84436486486487,5.9139054054054,-13.2755154751771,6.20038165615915e-32,5.9194664056148e-30,61.8199195401009,"HEPN1","ref|Homo sapiens HEPACAM opposite strand 1 (HEPN1), mRNA [NM_001037558]"
"29798",1.42074324324325,7.45523648648649,10.4486872914931,5.4717146460484e-22,1.00182704948002e-20,39.1783610426386,"LOC145694","gb|Homo sapiens cDNA FLJ32231 fis, clone PLACE6004491 [AK056793]"
"29917",1.44156756756757,11.2187905405405,11.42518620362,2.50896864068387e-25,7.29003434852121e-24,46.7730781204001,"TRIB3","ref|Homo sapiens tribbles homolog 3 (Drosophila) (TRIB3), mRNA [NM_021158]"
"29958",-2.31766216216216,10.1380405405405,-9.88523696490885,4.01784064520597e-20,5.71290533078223e-19,34.9379490105574,"C5orf23","ref|Homo sapiens chromosome 5 open reading frame 23 (C5orf23), mRNA [NM_024563]"
"29998",1.93266216216216,8.94014189189189,9.97239475758228,2.08244970285802e-20,3.06825187715585e-19,35.586364990928,"LMTK3","ref|Homo sapiens lemur tyrosine kinase 3 (LMTK3), mRNA [NM_001080434]"
"30064",-1.06635135135135,10.4604459459459,-7.83664541685006,8.17799837376313e-14,6.03893865705824e-13,20.6373359563857,"WDR86","ref|Homo sapiens WD repeat domain 86 (WDR86), mRNA [NM_198285]"
"30159",1.57448648648649,7.17960135135135,8.61939981771399,3.98275550608241e-16,3.71142037001066e-15,25.8707985507186,"KLHDC7B","ref|Homo sapiens kelch domain containing 7B (KLHDC7B), mRNA [NM_138433]"
"30247",-1.30539189189189,14.4572905405405,-11.7924312112904,1.30041254156123e-26,4.6085832344117e-25,49.6990325822771,"EPAS1","ref|Homo sapiens endothelial PAS domain protein 1 (EPAS1), mRNA [NM_001430]"
"30254",-1.81231756756757,8.31956418918919,-14.2646445433576,1.42905338861538e-35,2.97116077864122e-33,70.1087385473233,"LEPR","ref|Homo sapiens leptin receptor (LEPR), transcript variant 3, mRNA [NM_001003679]"
"30408",-1.04375,11.7968344594595,-11.3801042262419,3.59955185439395e-25,1.01437973342499e-23,46.4163273897455,"TEAD1","ref|Homo sapiens TEA domain family member 1 (SV40 transcriptional enhancer factor) (TEAD1), mRNA [NM_021961]"
"30417",1.30139864864865,4.00351013513514,7.55863431657001,5.02200312898698e-13,3.40724157177681e-12,18.8566245165077,"MYT1","ref|Homo sapiens myelin transcription factor 1 (MYT1), mRNA [NM_004535]"
"30720",-1.00204054054053,10.6982905405405,-11.7631798797844,1.64816767334337e-26,5.75382714619423e-25,49.4647261675505,"RRAS2","ref|Homo sapiens related RAS viral (r-ras) oncogene homolog 2 (RRAS2), transcript variant 1, mRNA [NM_012250]"
"30742",-1.10233108108108,12.1984763513514,-9.57731570065948,4.003104936701e-19,5.00709221761692e-18,32.6705067779826,"CFH","ref|Homo sapiens complement factor H (CFH), transcript variant 2, mRNA [NM_001014975]"
"30763",1.04918243243242,11.5921385135135,8.50417437576672,8.88794625325677e-16,7.99573318706445e-15,25.0810560061564,"CD9","ref|Homo sapiens CD9 molecule (CD9), mRNA [NM_001769]"
"30929",1.68485810810811,6.30988175675676,14.7776407651565,1.77519665428994e-37,6.39100865503095e-35,74.4523261431016,"POLQ","ref|Homo sapiens polymerase (DNA directed), theta (POLQ), mRNA [NM_199420]"
"30943",-1.08194594594595,10.43775,-9.67859603043672,1.8869093188215e-19,2.46563178587904e-18,33.4122087776246,"MET","ref|Homo sapiens met proto-oncogene (hepatocyte growth factor receptor) (MET), transcript variant 2, mRNA [NM_000245]"
"3097",-3.02229054054054,8.84190878378378,-14.0862073626571,6.5342125529571e-35,1.1321128267679e-32,68.6042564203474,"GLYAT","ref|Homo sapiens glycine-N-acyltransferase (GLYAT), nuclear gene encoding mitochondrial protein, transcript variant 1, mRNA [NM_201648]"
"30970",-1.29414189189189,8.01751013513513,-11.1997730083055,1.51664738183337e-24,3.90902283868677e-23,44.9948805520584,"ITSN1","ref|Homo sapiens intersectin 1 (SH3 domain protein) (ITSN1), transcript variant 2, mRNA [NM_001001132]"
"30991",1.58325675675676,6.03134459459459,14.9219862348779,5.14198792914989e-38,2.09167126370115e-35,75.6788091895709,"POLQ","ref|Homo sapiens polymerase (DNA directed), theta (POLQ), mRNA [NM_199420]"
"31092",-1.32249324324325,12.7150844594595,-12.6584843253522,1.06930607328711e-29,6.41309462927832e-28,56.7243686460929,"FBLN5","ref|Homo sapiens fibulin 5 (FBLN5), mRNA [NM_006329]"
"31366",1.55975,12.3567668918919,10.2016580821105,3.64841225018531e-21,5.91586568678229e-20,37.305340691022,"MDK","ref|Homo sapiens midkine (neurite growth-promoting factor 2) (MDK), transcript variant 1, mRNA [NM_001012334]"
"31425",2.09893918918919,5.75469932432432,13.4763987828533,1.14390150399939e-32,1.2444584269091e-30,63.492435963076,"OLR1","ref|Homo sapiens oxidized low density lipoprotein (lectin-like) receptor 1 (OLR1), mRNA [NM_002543]"
"31434",-2.53120945945945,7.44946959459459,-13.265215223314,6.7605703068057e-32,6.38908038287617e-30,61.7343295447323,"SGCG","ref|Homo sapiens sarcoglycan, gamma (35kDa dystrophin-associated glycoprotein) (SGCG), mRNA [NM_000231]"
"31537",2.37212837837838,12.3639898648649,8.18461650171613,7.96301380365392e-15,6.56983749091588e-14,22.925127119007,"CD24","ref|Homo sapiens CD24 molecule (CD24), mRNA [NM_013230]"
"31704",1.15216216216216,7.69793243243243,11.3165340604262,5.98252312349022e-25,1.63185091380101e-23,45.9142121698682,"MAD2L1","ref|Homo sapiens MAD2 mitotic arrest deficient-like 1 (yeast) (MAD2L1), mRNA [NM_002358]"
"31705",-1.91091216216217,7.74747635135135,-10.4095606672931,7.39995014437434e-22,1.32632056610664e-20,38.8802988336986,"ENST00000390027","ens|Acetyl-CoA carboxylase 2 (EC 6.4.1.2)(ACC-beta) [Includes Biotin carboxylase(EC 6.3.4.14)] [Source:UniProtKB/Swiss-Prot;Acc:O00763] [ENST00000390027]"
"31812",2.73566216216216,5.99366891891892,12.0521891196689,1.5713403377216e-27,6.53398231098813e-26,51.7887268893927,"EDN2","ref|Homo sapiens endothelin 2 (EDN2), mRNA [NM_001956]"
"31814",-1.86737837837837,7.69727027027027,-12.001339292507,2.37943686298599e-27,9.55451128330339e-26,51.3784037987412,"CAV2","ref|Homo sapiens caveolin 2 (CAV2), transcript variant 1, mRNA [NM_001233]"
"31831",-1.86243243243243,7.70041216216216,-12.0184504714775,2.06948979565355e-27,8.41832457744985e-26,51.5164127903604,"CAV2","ref|Homo sapiens caveolin 2 (CAV2), transcript variant 1, mRNA [NM_001233]"
"31859",-1.55893243243242,9.63141891891892,-11.9155589235723,4.78501296017731e-27,1.81249316823558e-25,50.6875766558352,"HOXA7","ref|Homo sapiens homeobox A7 (HOXA7), mRNA [NM_006896]"
"31926",2.27716891891891,7.87811148648649,15.5416456614736,2.47505760847561e-40,2.47896544809812e-37,80.9610900635469,"KIF2C","ref|Homo sapiens kinesin family member 2C (KIF2C), mRNA [NM_006845]"
"32132",1.0330945945946,6.98539189189189,4.07098910584685,5.99881475126656e-05,0.000163629477588484,0.826098771176959,"ENST00000390316","ens|V2-6 protein Fragment  [Source:UniProtKB/TrEMBL;Acc:A2MYD5] [ENST00000390316]"
"32187",1.59035135135135,5.10164189189189,10.4431255531194,5.71180200037208e-22,1.04188480565433e-20,39.1359608355865,"MMP13","ref|Homo sapiens matrix metallopeptidase 13 (collagenase 3) (MMP13), mRNA [NM_002427]"
"32242",1.04614864864865,6.97121621621622,7.34056310700002,2.02406927481966e-12,1.29884719720252e-11,17.4904073492726,"INPP5J","ref|Homo sapiens inositol polyphosphate-5-phosphatase J (INPP5J), mRNA [NM_001002837]"
"32411",-1.67656081081081,6.76513175675676,-12.5817626740442,2.01897473378781e-29,1.13110943768376e-27,56.0956289945054,"MAP1LC3C","ref|Homo sapiens microtubule-associated protein 1 light chain 3 gamma (MAP1LC3C), mRNA [NM_001004343]"
"32546",-1.52150675675676,6.42975337837838,-11.4577011802232,1.93327310327244e-25,5.68795696673489e-24,47.0307206773433,"HPSE2","ref|Homo sapiens heparanase 2 (HPSE2), transcript variant 1, mRNA [NM_021828]"
"32689",-1.14745945945946,11.9136621621622,-11.0696478459557,4.25769054510645e-24,1.03736856093792e-22,43.9748880808175,"DGAT1","ref|Homo sapiens diacylglycerol O-acyltransferase homolog 1 (mouse) (DGAT1), mRNA [NM_012079]"
"32690",-1.15225675675676,8.44459459459459,-8.34624580883693,2.64325684150795e-15,2.29835604174242e-14,24.0091804161666,"CNR1","ref|Homo sapiens cannabinoid receptor 1 (brain) (CNR1), transcript variant 2, mRNA [NM_033181]"
"32710",1.00802702702703,6.74374324324324,7.09336010096232,9.51025967226198e-12,5.66738786583969e-11,15.9753820500439,"BX104605","gb|BX104605 Soares_testis_NHT Homo sapiens cDNA clone IMAGp998B211795, mRNA sequence [BX104605]"
"32830",-1.98293918918918,10.0403344594595,-12.2002956681755,4.67706588260944e-28,2.1345672389119e-26,52.9871807005872,"FAM107A","ref|Homo sapiens family with sequence similarity 107, member A (FAM107A), transcript variant 1, mRNA [NM_007177]"
"32850",-1.20629054054054,13.8927331081081,-13.3868391072599,2.43202252479841e-32,2.44666696150687e-30,62.7460199417848,"ETFB","ref|Homo sapiens electron-transfer-flavoprotein, beta polypeptide (ETFB), transcript variant 2, mRNA [NM_001014763]"
"32953",1.21447297297297,11.3120878378378,7.0781565582735,1.04475524657832e-11,6.19045603989031e-11,15.8834005987151,"CCL19","ref|Homo sapiens chemokine (C-C motif) ligand 19 (CCL19), mRNA [NM_006274]"
"32994",-1.40010810810811,5.90425,-11.326379156755,5.53026035819606e-25,1.52179752680242e-23,45.9919021044078,"ATP1A2","ref|Homo sapiens ATPase, Na+/K+ transporting, alpha 2 (+) polypeptide (ATP1A2), mRNA [NM_000702]"
"33179",-1.48762837837837,10.9358682432432,-10.8335674964565,2.73547770298468e-23,5.91065343859691e-22,42.1371163187667,"GPER","ref|Homo sapiens G protein-coupled estrogen receptor 1 (GPER), transcript variant 3, mRNA [NM_001039966]"
"3354",2.6341418918919,8.82076689189189,11.2888010888832,7.46430741101829e-25,2.00103324176181e-23,45.6955088367656,"TMEM63C","ref|Homo sapiens transmembrane protein 63C (TMEM63C), mRNA [NM_020431]"
"33559",2.34663513513514,7.15647972972973,10.8871775740073,1.79561472476205e-23,3.9904445047206e-22,42.5529664054261,"GRHL2","ref|Homo sapiens grainyhead-like 2 (Drosophila) (GRHL2), mRNA [NM_024915]"
"33633",-1.09341216216217,6.82477364864865,-11.615594413942,5.43107259936498e-26,1.7566013632894e-24,48.2858015549939,"LOC100130015","ref|Homo sapiens hypothetical LOC100130015 (LOC100130015), transcript variant 1, non-coding RNA [NR_027336]"
"33815",-1.13629054054054,11.9016858108108,-13.2038471024077,1.13146592238211e-31,9.89345342972622e-30,61.2247410613127,"PCYOX1","ref|Homo sapiens prenylcysteine oxidase 1 (PCYOX1), mRNA [NM_016297]"
"33834",-1.81693918918918,9.50841554054054,-12.2259239428186,3.79045765038376e-28,1.76435431726321e-26,53.1950543004344,"ANGPTL1","ref|Homo sapiens angiopoietin-like 1 (ANGPTL1), mRNA [NM_004673]"
"33935",-1.06091891891892,10.0648175675676,-10.8495004274147,2.41400652760855e-23,5.26467251102695e-22,42.2606148192819,"ZEB2","ref|Homo sapiens zinc finger E-box binding homeobox 2 (ZEB2), mRNA [NM_014795]"
"33967",1.65441891891892,8.41373648648649,8.84951731236024,7.86923977641954e-17,7.87428955595521e-16,27.4668865756568,"KCNK1","ref|Homo sapiens potassium channel, subfamily K, member 1 (KCNK1), mRNA [NM_002245]"
"34020",-1.57403378378378,6.89457094594595,-12.1499042616472,7.06765241715304e-28,3.10445802886778e-26,52.578871800916,"SOX5","ref|Homo sapiens SRY (sex determining region Y)-box 5 (SOX5), transcript variant 2, mRNA [NM_152989]"
"34087",-1.74635810810811,8.29918581081081,-13.7510649844461,1.12369356237534e-33,1.52366332892517e-31,65.788786456028,"RGN","ref|Homo sapiens regucalcin (senescence marker protein-30) (RGN), transcript variant 2, mRNA [NM_152869]"
"34162",-1.21514189189189,9.03476689189189,-9.26731219609393,3.90075647498525e-18,4.3917542214154e-17,30.4262457795629,"ENST00000409456","ens|Thiamine transporter 2 (ThTr-2)(ThTr2)(Solute carrier family 19 member 3) [Source:UniProtKB/Swiss-Prot;Acc:Q9BZV2] [ENST00000409456]"
"34271",-1.19793243243244,9.37114864864865,-10.9224081621848,1.36102490621118e-23,3.09071578216307e-22,42.8267263333024,"RAPGEF3","ref|Homo sapiens Rap guanine nucleotide exchange factor (GEF) 3 (RAPGEF3), transcript variant 1, mRNA [NM_001098531]"
"34354",-1.07354054054055,6.99238513513513,-12.5636168425392,2.34608453625517e-29,1.29881461072209e-27,55.94709076641,"THRB","ref|Homo sapiens thyroid hormone receptor, beta (erythroblastic leukemia viral (v-erb-a) oncogene homolog 2, avian) (THRB), transcript variant 3, mRNA [NM_001128177]"
"34432",-2.05390540540541,7.43435135135135,-15.1679137654994,6.204405566241e-39,2.90242092388754e-36,77.7721393394316,"LOC572558","ref|Homo sapiens hypothetical locus LOC572558 (LOC572558), non-coding RNA [NR_015423]"
"34492",1.48472972972973,5.25689189189189,6.73983513374394,8.16320809606256e-11,4.40709607309644e-10,13.8734244266629,"GP2","ref|Homo sapiens glycoprotein 2 (zymogen granule membrane) (GP2), transcript variant 1, mRNA [NM_001007240]"
"34512",1.15456756756757,6.73549324324324,6.6587319749469,1.32246916197027e-10,6.93943997722596e-10,13.4022823586854,"CEACAM7","ref|Homo sapiens carcinoembryonic antigen-related cell adhesion molecule 7 (CEACAM7), mRNA [NM_006890]"
"34638",1.83293918918919,6.49994932432432,11.7222068927539,2.29621176182205e-26,7.78382508826344e-25,49.1368831593926,"PTK6","ref|Homo sapiens PTK6 protein tyrosine kinase 6 (PTK6), mRNA [NM_005975]"
"34677",-1.40918243243244,6.86530743243243,-9.96072781986343,2.27431623341677e-20,3.32476604372614e-19,35.4994032391041,"NTRK3","ens|NT-3 growth factor receptor Precursor (EC 2.7.10.1)(Neurotrophic tyrosine kinase receptor type 3)(TrkC tyrosine kinase)(GP145-TrkC)(Trk-C) [Source:UniProtKB/Swiss-Prot;Acc:Q16288] [ENST00000394480]"
"34746",-1.11580405405405,13.4752533783784,-7.04229860454432,1.3033459478437e-11,7.6548052027782e-11,15.6670165390615,"WISP2","ref|Homo sapiens WNT1 inducible signaling pathway protein 2 (WISP2), mRNA [NM_003881]"
"34786",2.34720945945946,9.088625,9.10104936619686,1.30113172876109e-17,1.39443166715794e-16,29.2393208059067,"ELF3","ref|Homo sapiens E74-like factor 3 (ets domain transcription factor, epithelial-specific ) (ELF3), transcript variant 1, mRNA [NM_004433]"
"34788",1.50139864864865,6.59656418918919,12.1717666696476,5.9090047925606e-28,2.64519850905249e-26,52.7559485010686,"IL21R","ref|Homo sapiens interleukin 21 receptor (IL21R), transcript variant 2, mRNA [NM_181078]"
"34924",2.35479054054053,8.9348277027027,11.4195706126232,2.62442295966871e-25,7.57842629958656e-24,46.7286099321238,"CELSR1","ref|Homo sapiens cadherin, EGF LAG seven-pass G-type receptor 1 (flamingo homolog, Drosophila) (CELSR1), mRNA [NM_014246]"
"34976",-1.17207432432432,8.088125,-13.2013833890296,1.15508814998749e-31,9.91468323970917e-30,61.2042955104364,"ENST00000354485","ens|KN motif and ankyrin repeat domain-containing protein 1 (Ankyrin repeat domain-containing protein 15)(Kidney ankyrin repeat-containing protein) [Source:UniProtKB/Swiss-Prot;Acc:Q14678] [ENST00000354485]"
"35069",1.98456081081081,5.83949662162162,9.2468407248481,4.52730131563182e-18,5.04856151478562e-17,30.2794595325531,"LOC400768","gb|Homo sapiens cDNA clone IMAGE:6167132 [BC051808]"
"35072",1.22279054054054,5.52853716216216,9.41230897085414,1.35143161294512e-18,1.60253411542643e-17,31.470988488116,"MS4A1","ref|Homo sapiens membrane-spanning 4-domains, subfamily A, member 1 (MS4A1), transcript variant 1, mRNA [NM_152866]"
"35157",1.80502702702703,6.96230405405405,14.4363353090559,3.2995344460036e-36,8.34336331805667e-34,71.5595957615921,"MKI67","ref|Homo sapiens antigen identified by monoclonal antibody Ki-67 (MKI67), transcript variant 1, mRNA [NM_002417]"
"35175",1.19504054054055,10.7049459459459,10.9389284105147,1.19502719689432e-23,2.77436090673531e-22,42.9552268553996,"CHTF18","ref|Homo sapiens CTF18, chromosome transmission fidelity factor 18 homolog (S. cerevisiae) (CHTF18), mRNA [NM_022092]"
"35236",-2.05498648648648,8.81664189189189,-12.7118917977725,6.86539410001368e-30,4.34004237836e-28,57.1627160227664,"ACSM5","ref|Homo sapiens acyl-CoA synthetase medium-chain family member 5 (ACSM5), mRNA [NM_017888]"
"35293",-2.59130405405406,9.04702364864865,-12.6080609030445,1.62394237925664e-29,9.32123000019947e-28,56.3110159363008,"ADH1B","ref|Homo sapiens alcohol dehydrogenase 1B (class I), beta polypeptide (ADH1B), mRNA [NM_000668]"
"35408",1.78666216216216,6.6122972972973,12.4001827275238,9.0452143790109e-29,4.62442763552054e-27,54.6122256865212,"CILP2","ref|Homo sapiens cartilage intermediate layer protein 2 (CILP2), mRNA [NM_153221]"
"35486",-1.0099527027027,5.78610472972973,-10.2026953103711,3.6196213587529e-21,5.87937108202989e-20,37.3131606784184,"SEMA3A","ref|Homo sapiens sema domain, immunoglobulin domain (Ig), short basic domain, secreted, (semaphorin) 3A (SEMA3A), mRNA [NM_006080]"
"35494",1.85264189189189,5.62108445945946,12.5212134734054,3.33138149676986e-29,1.80164192391785e-27,55.6002393897181,"CENPA","ref|Homo sapiens centromere protein A (CENPA), transcript variant 1, mRNA [NM_001809]"
"35563",1.21957432432433,6.67123310810811,11.0879091233335,3.6845898378117e-24,9.02435144569798e-23,44.1177345612943,"STXBP2","ref|Homo sapiens syntaxin binding protein 2 (STXBP2), transcript variant 1, mRNA [NM_006949]"
"35573",-1.37560135135135,9.52584121621622,-9.63947428928393,2.5242432508407e-19,3.23518080203638e-18,33.1252264905269,"ALPK3","ref|Homo sapiens alpha-kinase 3 (ALPK3), mRNA [NM_020778]"
"35582",1.1433108108108,9.28110135135135,9.76118630358872,1.01884223767556e-19,1.37155222671835e-18,34.0200354046731,"SLC6A9","ref|Homo sapiens solute carrier family 6 (neurotransmitter transporter, glycine), member 9 (SLC6A9), transcript variant 2, mRNA [NM_201649]"
"35728",-1.53822297297298,6.77866554054054,-8.90394013954465,5.34378328359023e-17,5.40502015148867e-16,27.847958181577,"S100A12","ref|Homo sapiens S100 calcium binding protein A12 (S100A12), mRNA [NM_005621]"
"35731",-1.82087837837839,7.00826351351351,-10.6509154249575,1.1403364901898e-22,2.30431710631011e-21,40.7270287551779,"SLC25A18","ref|Homo sapiens solute carrier family 25 (mitochondrial carrier), member 18 (SLC25A18), nuclear gene encoding mitochondrial protein, mRNA [NM_031481]"
"35733",1.08868918918919,5.05441216216216,13.2515099909859,7.58498900265152e-32,7.02625317908987e-30,61.6204719053039,"CCDC64","ref|Homo sapiens coiled-coil domain containing 64 (CCDC64), mRNA [NM_207311]"
"35812",1.06481756756757,7.41890202702703,3.14795916062026,0.00181019221376294,0.00386493800820768,-2.35757570495023,"FOXI1","ref|Homo sapiens forkhead box I1 (FOXI1), transcript variant 1, mRNA [NM_012188]"
"35825",1.79643918918919,4.5813277027027,13.9072668497517,2.98941771532761e-34,4.58508067944346e-32,67.0992625342168,"lincRNA:chr2:216582765-216584147_F","lincRNA:chr2:216582765-216584147 forward strand"
"35897",1.12828378378378,5.68088513513514,10.8466910520106,2.4678251924388e-23,5.36952848847847e-22,42.2388332514089,"EPHA8","ref|Homo sapiens EPH receptor A8 (EPHA8), transcript variant 2, mRNA [NM_001006943]"
"3590",-1.95028378378379,7.76000675675676,-13.795836521948,7.69059697936023e-34,1.09020038392264e-31,66.1640793772847,"lincRNA:chr11:86595627-86610277_R","lincRNA:chr11:86595627-86610277 reverse strand"
"35908",2.70042567567568,7.69242905405405,14.4240843032097,3.66370619057212e-36,8.99759829020983e-34,71.4559690339316,"C20orf103","ref|Homo sapiens chromosome 20 open reading frame 103 (C20orf103), mRNA [NM_012261]"
"35936",-2.02872297297297,6.83114527027027,-10.6920446480509,8.27592168138687e-23,1.69801586076876e-21,41.0436278235448,"DCAF8L2","ref|Homo sapiens DDB1 and CUL4 associated factor 8-like 2 (DCAF8L2), mRNA [NM_001136533]"
"35952",1.26080405405406,8.05794932432432,9.7002179086817,1.6061739796075e-19,2.11058479679885e-18,33.5710778511573,"CABYR","ref|Homo sapiens calcium binding tyrosine-(Y)-phosphorylation regulated (CABYR), transcript variant 1, mRNA [NM_012189]"
"36011",-1.86331081081082,8.29724324324324,-11.9505088389439,3.60041834355992e-27,1.40356308426444e-25,50.96883550396,"lincRNA:chr4:6557749-6568099_F","lincRNA:chr4:6557749-6568099 forward strand"
"36115",-1.29808783783783,8.12442905405405,-13.5400606529187,6.68689965334229e-33,7.53766664538199e-31,64.0237323504348,"EFHA2","ref|Homo sapiens EF-hand domain family, member A2 (EFHA2), mRNA [NM_181723]"
"36151",2.29420270270271,6.74832432432432,15.3157095130256,1.73723410357448e-39,9.02975681835711e-37,79.032210536461,"BUB1B","ref|Homo sapiens budding uninhibited by benzimidazoles 1 homolog beta (yeast) (BUB1B), mRNA [NM_001211]"
"36220",-2.84732432432432,8.83531756756757,-12.775962828871,4.03181828837974e-30,2.65645717648456e-28,57.6892963560439,"KLB","ref|Homo sapiens klotho beta (KLB), mRNA [NM_175737]"
"36316",1.3885,8.64375,8.80690848275236,1.06445104261608e-16,1.05386285235091e-15,27.1694869597669,"MLPH","ref|Homo sapiens melanophilin (MLPH), transcript variant 1, mRNA [NM_024101]"
"36643",-2.35067567567567,7.10243243243243,-14.2390118400179,1.77817065231503e-35,3.61664448327379e-33,69.8923997330051,"KCNIP2","ref|Homo sapiens Kv channel interacting protein 2 (KCNIP2), transcript variant 7, mRNA [NM_173197]"
"36710",-1.03935810810811,10.1253006756757,-9.64942917824379,2.34421309139379e-19,3.03353494925039e-18,33.1981943066287,"CFHR3","ref|Homo sapiens complement factor H-related 3 (CFHR3), transcript variant 1, mRNA [NM_021023]"
"36712",1.27891891891892,4.97105405405405,8.59609762297444,4.68710244775074e-16,4.31619394696417e-15,25.7105713664301,"BG199549","gb|RST18840 Athersys RAGE Library Homo sapiens cDNA, mRNA sequence [BG199549]"
"36720",-1.13102702702703,14.3916554054054,-10.5866821595901,1.87926290499058e-22,3.67064378686679e-21,40.2336737993512,"EMP1","ref|Homo sapiens epithelial membrane protein 1 (EMP1), mRNA [NM_001423]"
"36721",1.68459459459459,8.24408783783784,11.6253064891341,5.02201429754353e-26,1.64235213485528e-24,48.3632131749384,"RAB11FIP4","ref|Homo sapiens RAB11 family interacting protein 4 (class II) (RAB11FIP4), mRNA [NM_032932]"
"36798",-1.2479054054054,7.59860810810811,-9.67698321092218,1.90970474938323e-19,2.4884676372186e-18,33.4003657891291,"RASL10B","ref|Homo sapiens RAS-like, family 10, member B (RASL10B), mRNA [NM_033315]"
"36801",-1.04182432432432,8.38149324324324,-9.24082408922617,4.72974449101512e-18,5.26803445927827e-17,30.2363526199534,"LOC134466","ref|Homo sapiens zinc finger protein 300 pseudogene (LOC134466), non-coding RNA [NR_026867]"
"36943",1.32099324324325,10.3049290540541,2.7811089640431,0.00576136491507583,0.0111995283909099,-3.41177970134216,"SCGB1D1","ref|Homo sapiens secretoglobin, family 1D, member 1 (SCGB1D1), mRNA [NM_006552]"
"36951",-1.71368243243243,10.1342331081081,-10.1139162223435,7.1215463575115e-21,1.11420046355983e-19,36.6452170722515,"S100A1","ref|Homo sapiens S100 calcium binding protein A1 (S100A1), mRNA [NM_006271]"
"36966",-3.3546081081081,10.8995675675676,-13.2237632003647,9.57381564960293e-32,8.45024709600802e-30,61.3900541939625,"C14orf180","ref|Homo sapiens chromosome 14 open reading frame 180 (C14orf180), mRNA [NM_001008404]"
"37021",1.51927027027027,13.1981418918919,12.6461613116201,1.1843246005427e-29,7.01300060928959e-28,56.6233037178738,"IFI30","ref|Homo sapiens interferon, gamma-inducible protein 30 (IFI30), mRNA [NM_006332]"
"37039",2.09664864864865,8.79945945945946,9.88926966021249,3.89774652480074e-20,5.55904214726155e-19,34.9678874711963,"A_24_P169843","Unknown"
"37118",1.3397972972973,5.41933783783784,12.4076621147097,8.50450019429751e-29,4.37187383614547e-27,54.6731954421981,"PYCR1","ref|Homo sapiens pyrroline-5-carboxylate reductase 1 (PYCR1), transcript variant 2, mRNA [NM_153824]"
"37349",1.4634527027027,11.4513885135135,10.1284836649678,6.37426559858733e-21,1.0090969363855e-19,36.7546237085141,"TNFRSF12A","ref|Homo sapiens tumor necrosis factor receptor superfamily, member 12A (TNFRSF12A), mRNA [NM_016639]"
"37440",-2.77970945945945,9.60809797297297,-14.1231931551862,4.76967819557042e-35,8.41983192410506e-33,68.9158035570038,"PPP1R1A","ref|Homo sapiens protein phosphatase 1, regulatory (inhibitor) subunit 1A (PPP1R1A), mRNA [NM_006741]"
"37445",-1.02299324324324,9.29676689189189,-10.4819803700982,4.23050164294954e-22,7.86890126668706e-21,39.4323898166267,"TCF7L1","ref|Homo sapiens transcription factor 7-like 1 (T-cell specific, HMG-box) (TCF7L1), mRNA [NM_031283]"
"3752",1.18747297297297,6.44078378378378,10.9044422058737,1.56768074031167e-23,3.51731918617649e-22,42.6870743870368,"ENST00000419204","ens|HCG1785561MGC4294 protein ; [Source:UniProtKB/TrEMBL;Acc:Q9BU82] [ENST00000419204]"
"37786",-1.15699324324324,7.72301013513514,-13.2501417371504,7.67261025347355e-32,7.03773936583319e-30,61.6091066328381,"LOC644538","ref|Homo sapiens hypothetical protein LOC644538 (LOC644538), mRNA [NM_001163438]"
"37922",-1.57941891891891,5.70464864864865,-12.9063944227546,1.36115594276075e-30,9.94919921911689e-29,58.7636095524915,"A_33_P3332581","Unknown"
"37951",-1.10387837837838,8.0605,-8.36921178692342,2.25752629008388e-15,1.97396410934811e-14,24.1642839764254,"ENST00000390477","ens|cDNA FLJ52041  [Source:UniProtKB/TrEMBL;Acc:B7Z8K6] [ENST00000390477]"
"38038",1.41630405405405,7.40799662162162,11.6599694465977,3.79680831681862e-26,1.25080769761109e-24,48.639695815525,"C16orf93","ref|Homo sapiens chromosome 16 open reading frame 93 (C16orf93), mRNA [NM_001014979]"
"38087",-1.34889864864865,8.28722635135135,-11.7809158066803,1.42760684052588e-26,5.04026022640006e-25,49.6067678294045,"lincRNA:chr3:64952935-64963635_F","lincRNA:chr3:64952935-64963635 forward strand"
"38210",-1.34087162162162,12.5643885135135,-11.2329402498844,1.16490423332417e-24,3.04436983435222e-23,45.2556379687996,"ASPH","ref|Homo sapiens aspartate beta-hydroxylase (ASPH), transcript variant 4, mRNA [NM_032467]"
"38275",1.52366216216217,12.5533175675676,9.73538395215065,1.23550531296214e-19,1.64898540771381e-18,33.8298557245718,"MDK","ref|Homo sapiens midkine (neurite growth-promoting factor 2) (MDK), transcript variant 1, mRNA [NM_001012334]"
"38291",-1.6223445945946,12.6140641891892,-14.6544867558206,5.10214937819039e-37,1.59119031941164e-34,73.4073009346411,"KANK1","ref|Homo sapiens KN motif and ankyrin repeat domains 1 (KANK1), transcript variant 2, mRNA [NM_153186]"
"38588",1.65697297297297,7.76041891891892,8.61526300445124,4.09964925676271e-16,3.79786729115327e-15,25.8423345959895,"SCNN1A","ref|Homo sapiens sodium channel, nonvoltage-gated 1 alpha (SCNN1A), transcript variant 1, mRNA [NM_001038]"
"38745",2.13206081081081,6.33457094594595,8.80263959747894,1.09710947940417e-16,1.0850482335418e-15,27.1397373869685,"MSMB","ref|Homo sapiens microseminoprotein, beta- (MSMB), transcript variant PSP94, mRNA [NM_002443]"
"38781",1.62185135135135,5.19997972972973,12.6439157207498,1.20657575299013e-29,7.05545171560977e-28,56.6048900688291,"NEK2","ref|Homo sapiens NIMA (never in mitosis gene a)-related kinase 2 (NEK2), mRNA [NM_002497]"
"38789",-1.20545945945945,9.40822972972973,-9.27353304501195,3.72799793561562e-18,4.20230707055659e-17,30.4708864534356,"PAPL","ref|Homo sapiens iron/zinc purple acid phosphatase-like protein (PAPL), mRNA [NM_001004318]"
"38910",1.42981081081082,5.18953378378378,9.71075374600344,1.48482446926073e-19,1.95662221611315e-18,33.6485575913887,"FBN2","ref|Homo sapiens fibrillin 2 (FBN2), mRNA [NM_001999]"
"38912",-2.82886486486487,12.0431824324324,-12.8837599143277,1.64376922247027e-30,1.17397746911694e-28,58.5769574350501,"ADH1A","ref|Homo sapiens alcohol dehydrogenase 1A (class I), alpha polypeptide (ADH1A), mRNA [NM_000667]"
"39029",-1.36015540540541,10.2826790540541,-12.7097366502917,6.98932699232886e-30,4.38873445236435e-28,57.1450169268229,"CABC1","ref|Homo sapiens chaperone, ABC1 activity of bc1 complex homolog (S. pombe) (CABC1), nuclear gene encoding mitochondrial protein, mRNA [NM_020247]"
"39098",1.20277027027027,5.54958783783784,11.5377494265302,1.01646083311985e-25,3.17000251822311e-24,47.6662038283617,"DIAPH3","ref|Homo sapiens diaphanous homolog 3 (Drosophila) (DIAPH3), transcript variant 2, mRNA [NM_030932]"
"39105",-1.1406081081081,8.22227027027027,-10.6840047337966,8.81147360582629e-23,1.79608163520938e-21,40.9816966482537,"A_33_P3269924","Unknown"
"3918",1.12447972972973,10.6774628378378,12.9158324918298,1.25814914818891e-30,9.26869561453187e-29,58.8414661689492,"SC65","ref|Homo sapiens synaptonemal complex protein SC65 (SC65), mRNA [NM_006455]"
"39298",1.03770945945945,5.37788175675676,10.6972870442124,7.94428818845004e-23,1.6371533103775e-21,41.0840209253522,"RAB19","ref|Homo sapiens RAB19, member RAS oncogene family (RAB19), mRNA [NM_001008749]"
"39393",-1.1426418918919,9.8243277027027,-10.0157253961915,1.50047568250124e-20,2.25698560859833e-19,35.9097802455027,"CLEC14A","ref|Homo sapiens C-type lectin domain family 14, member A (CLEC14A), mRNA [NM_175060]"
"39403",1.33391216216216,5.20548310810811,6.18276015759119,2.0631233296128e-09,9.59372856454142e-09,10.7239669453643,"GP2","ref|Homo sapiens glycoprotein 2 (zymogen granule membrane) (GP2), transcript variant 1, mRNA [NM_001007240]"
"39424",1.07699324324324,5.17672635135135,9.32148676254227,2.62778145559575e-18,3.01293177678356e-17,30.8155529467627,"NOXO1","ref|Homo sapiens NADPH oxidase organizer 1 (NOXO1), transcript variant c, mRNA [NM_172168]"
"39427",1.90155405405406,5.58231081081081,12.9163995070869,1.25221447169499e-30,9.26869561453187e-29,58.8461441009346,"CENPA","ref|Homo sapiens centromere protein A (CENPA), transcript variant 1, mRNA [NM_001809]"
"39463",1.72483108108108,6.21976689189189,11.9573830473505,3.40440831376133e-27,1.33270477755443e-25,51.0241894110471,"NEK2","ref|Homo sapiens NIMA (never in mitosis gene a)-related kinase 2 (NEK2), mRNA [NM_002497]"
"39581",1.51003378378379,8.74394932432432,9.85406471482402,5.07898607516518e-20,7.10298859779453e-19,34.7067363069918,"GZMK","ref|Homo sapiens granzyme K (granzyme 3; tryptase II) (GZMK), mRNA [NM_002104]"
"39791",-2.57508783783784,9.93991554054054,-14.369583686213,5.83596085591213e-36,1.35148524853456e-33,70.9951531232749,"FIGF","ref|Homo sapiens c-fos induced growth factor (vascular endothelial growth factor D) (FIGF), mRNA [NM_004469]"
"39841",1.90497972972973,8.17996283783784,9.25962428875264,4.12526472641398e-18,4.62227266830289e-17,30.3711003214385,"CA12","ref|Homo sapiens carbonic anhydrase XII (CA12), transcript variant 1, mRNA [NM_001218]"
"39927",-1.24923648648649,7.72957094594595,-9.76142018981727,1.01706192009737e-19,1.37112843291513e-18,34.0217604772634,"JPH2","ref|Homo sapiens junctophilin 2 (JPH2), transcript variant 1, mRNA [NM_020433]"
"39938",1.39379054054054,5.44693581081081,12.8322914401001,2.52348272205673e-30,1.74886698870836e-28,58.1528732093708,"AURKB","ref|Homo sapiens aurora kinase B (AURKB), mRNA [NM_004217]"
"40048",1.92218243243244,6.50046283783784,12.4723216512744,4.98901541543885e-29,2.62231619251943e-27,55.2007606127593,"PTK6","ref|Homo sapiens PTK6 protein tyrosine kinase 6 (PTK6), mRNA [NM_005975]"
"40094",1.34222972972973,6.55368243243243,12.4748579197915,4.88564089613771e-29,2.58248905221833e-27,55.2214717437791,"PVT1","ref|Homo sapiens Pvt1 oncogene (non-protein coding) (PVT1), non-coding RNA [NR_003367]"
"40110",-1.18547297297297,7.405,-12.0682549491368,1.3781060827049e-27,5.83419027592175e-26,51.9184902401703,"C21orf34","ref|Homo sapiens chromosome 21 open reading frame 34 (C21orf34), transcript variant 2, non-coding RNA [NR_027791]"
"40118",1.66575675675676,4.88381756756757,14.1760039751161,3.04211759546375e-35,5.58079455356056e-33,69.3609235667742,"MKI67","ref|Homo sapiens antigen identified by monoclonal antibody Ki-67 (MKI67), transcript variant 1, mRNA [NM_002417]"
"40333",-1.02781756756757,11.1484628378378,-7.63672713429658,3.02903912421916e-13,2.11382819550029e-12,19.3524766241579,"PER1","ref|Homo sapiens period homolog 1 (Drosophila) (PER1), mRNA [NM_002616]"
"40392",-1.39742567567568,8.74980743243243,-11.4144706486311,2.73385346648789e-25,7.87013324075714e-24,46.6882321905533,"GNG2","ref|Homo sapiens guanine nucleotide binding protein (G protein), gamma 2 (GNG2), mRNA [NM_053064]"
"40401",-1.42542567567567,10.3066114864865,-11.7217587323518,2.30454997142105e-26,7.78388791791169e-25,49.1332995350505,"CLIC5","ref|Homo sapiens chloride intracellular channel 5 (CLIC5), transcript variant 2, mRNA [NM_016929]"
"40541",-1.03988513513513,7.27681418918919,-7.8417974706637,7.90440974579532e-14,5.85539648310855e-13,20.670737758965,"NOVA1","ref|Homo sapiens neuro-oncological ventral antigen 1 (NOVA1), transcript variant 3, mRNA [NM_006491]"
"40582",1.27745270270271,8.91274662162162,9.16616947369107,8.12863689287291e-18,8.92623553635199e-17,29.7027761047115,"ASCL2","ref|Homo sapiens achaete-scute complex homolog 2 (Drosophila) (ASCL2), mRNA [NM_005170]"
"40597",-2.2621418918919,9.90723310810811,-10.2837021399836,1.94734090171566e-21,3.27685638065679e-20,37.9250681303441,"HBG1","ref|Homo sapiens hemoglobin, gamma A (HBG1), mRNA [NM_000559]"
"40610",1.16768243243243,6.25085472972973,11.9437286089996,3.80476000815927e-27,1.47706782723395e-25,50.9142492164615,"CHEK1","ref|Homo sapiens CHK1 checkpoint homolog (S. pombe) (CHEK1), transcript variant 2, mRNA [NM_001114121]"
"40650",-1.02268243243243,10.3602398648649,-7.42032100014426,1.21946572512716e-12,7.95074656744925e-12,17.9869092133826,"TPPP3","ref|Homo sapiens tubulin polymerization-promoting protein family member 3 (TPPP3), mRNA [NM_016140]"
"40730",-1.23689864864865,7.64506418918919,-11.3876820808687,3.38778738598853e-25,9.60489054039658e-24,46.476255384118,"TMEM200B","ref|Homo sapiens transmembrane protein 200B (TMEM200B), mRNA [NM_001003682]"
"40867",-1.13226351351351,9.38866554054054,-9.39160595262709,1.57309276561662e-18,1.84203453255433e-17,31.3212780036758,"AQP1","ref|Homo sapiens aquaporin 1 (Colton blood group) (AQP1), mRNA [NM_198098]"
"40888",1.00631756756757,7.11376013513514,5.6279896636281,4.19706634041863e-08,1.6824229940427e-07,7.79802713737293,"SEC14L2","ref|Homo sapiens SEC14-like 2 (S. cerevisiae) (SEC14L2), transcript variant 1, mRNA [NM_012429]"
"40981",1.57730405405406,8.26092905405405,11.5337803292125,1.04942541042973e-25,3.24040400659423e-24,47.6346544321827,"lincRNA:chr8:129008365-129008906_F","lincRNA:chr8:129008365-129008906 forward strand"
"40988",-1.13136486486487,7.33774324324324,-9.42064244584508,1.2712239223653e-18,1.51510458823564e-17,31.5313008826213,"C4orf19","ref|Homo sapiens chromosome 4 open reading frame 19 (C4orf19), transcript variant 2, mRNA [NM_018302]"
"41067",-1.13950000000001,4.96855405405405,-9.22611377861017,5.26331691040637e-18,5.8484077213494e-17,30.1310241681341,"PTPRQ","ref|Homo sapiens protein tyrosine phosphatase, receptor type, Q (PTPRQ), mRNA [NM_001145026]"
"41314",1.13612837837838,11.5771993243243,12.5965029305363,1.78704980924826e-29,1.01331139486829e-27,56.2163375107886,"CLSTN3","ref|Homo sapiens calsyntenin 3 (CLSTN3), mRNA [NM_014718]"
"41317",1.75802027027028,10.0009898648649,10.4256140306968,6.53828672793575e-22,1.18780991507897e-20,39.0025289419575,"PRKCZ","ref|Homo sapiens protein kinase C, zeta (PRKCZ), transcript variant 1, mRNA [NM_002744]"
"41318",1.88270945945946,6.84059797297297,11.6831211263211,3.14936038879573e-26,1.04487290062315e-24,48.8245305538355,"lincRNA:chr14:71276672-71284022_F","lincRNA:chr14:71276672-71284022 forward strand"
"41410",1.11239864864865,5.68414527027027,9.59565747309185,3.49438662595469e-19,4.40612955154071e-18,32.8045248770975,"EPHA1","ref|Homo sapiens EPH receptor A1 (EPHA1), mRNA [NM_005232]"
"41479",1.19252702702703,6.50612837837838,5.5959146719506,4.96339076130296e-08,1.97019448293384e-07,7.63557846239966,"GPR98","ref|Homo sapiens G protein-coupled receptor 98 (GPR98), transcript variant 1, mRNA [NM_032119]"
"41506",-1.26227702702702,7.60908445945946,-9.30261228483066,3.0159275303949e-18,3.42439538523965e-17,30.6797766743467,"lincRNA:chr8:38616218-38630243_F","lincRNA:chr8:38616218-38630243 forward strand"
"41525",2.41667567567568,7.97081081081081,11.9388324897812,3.95946619012606e-27,1.53077544110824e-25,50.8748382525123,"HIST2H3A","ref|Homo sapiens histone cluster 2, H3a (HIST2H3A), mRNA [NM_001005464]"
"41568",2.32408108108108,8.32650675675676,8.49523505412009,9.45656208602457e-16,8.47467383877834e-15,25.0200560445297,"C9orf152","ref|Homo sapiens chromosome 9 open reading frame 152 (C9orf152), mRNA [NM_001012993]"
"41641",1.0427027027027,13.4138378378378,5.50728473002456,7.85944313747989e-08,3.05242631773607e-07,7.19061554138703,"KRT7","ref|Homo sapiens keratin 7 (KRT7), mRNA [NM_005556]"
"41648",1.27040540540541,7.0717972972973,12.210389817111,4.30554241072468e-28,1.98436723126799e-26,53.0690382540245,"BLM","ref|Homo sapiens Bloom syndrome, RecQ helicase-like (BLM), mRNA [NM_000057]"
"41678",-1.17377702702703,7.8565777027027,-10.7076097062688,7.32943669990108e-23,1.51712853460784e-21,41.163583491735,"CDH23","ref|Homo sapiens cadherin-like 23 (CDH23), transcript variant 1, mRNA [NM_022124]"
"41812",1.06120945945948,14.4643817567568,3.79907903539897,0.000175948866406568,0.000448672007113614,-0.188923665008608,"ENST00000390323","ens|Ig lambda chain C regions  [Source:UniProtKB/Swiss-Prot;Acc:P01842] [ENST00000390323]"
"41859",1.08652702702703,5.67587162162162,11.528904714938,1.09137961667504e-25,3.35886437289859e-24,47.5959049900968,"SCT","ref|Homo sapiens secretin (SCT), mRNA [NM_021920]"
"41921",1.63505405405405,5.42529054054054,13.8262712395701,5.94215624928586e-34,8.55304828743362e-32,66.4193454283614,"SKA3","ref|Homo sapiens spindle and kinetochore associated complex subunit 3 (SKA3), transcript variant 1, mRNA [NM_145061]"
"42024",1.37905405405405,5.68518918918919,13.0425787859754,4.36643040047438e-31,3.43296830477633e-29,59.888535922448,"C8orf51","ref|Homo sapiens chromosome 8 open reading frame 51 (C8orf51), non-coding RNA [NR_026785]"
"42041",1.08978378378378,10.3826824324324,12.2540686390667,3.00868181842936e-28,1.44355010734488e-26,53.4235035978219,"TMEM51","ref|Homo sapiens transmembrane protein 51 (TMEM51), transcript variant 1, mRNA [NM_001136216]"
"4205",-1.45939864864865,11.7038412162162,-11.3290031413839,5.41557698938027e-25,1.49463534845551e-23,46.0126130798109,"SYNPO","ref|Homo sapiens synaptopodin (SYNPO), transcript variant 1, mRNA [NM_007286]"
"42074",-1.68251351351351,7.07789189189189,-13.2303409935789,9.05973395475428e-32,8.15027604621933e-30,61.4446670343741,"NTRK2","ref|Homo sapiens neurotrophic tyrosine kinase, receptor, type 2 (NTRK2), transcript variant d, mRNA [NM_001018065]"
"42091",3.32175675675676,10.0267162162162,10.1418005671857,5.75957471558583e-21,9.16438453044575e-20,36.8547052059598,"LOC440335","ref|Homo sapiens hypothetical LOC440335 (LOC440335), transcript variant 2, non-coding RNA [NR_029454]"
"42135",1.1638108108108,11.0061554054054,10.2941593394292,1.79728378049421e-21,3.04075715195367e-20,38.0042270054162,"RUNX1","ref|Homo sapiens runt-related transcription factor 1 (RUNX1), transcript variant 2, mRNA [NM_001001890]"
"42189",1.6478445945946,8.13683445945946,10.3627259187972,1.0613796752686e-21,1.84921196309368e-20,38.5242005207789,"CDS1","ref|Homo sapiens CDP-diacylglycerol synthase (phosphatidate cytidylyltransferase) 1 (CDS1), mRNA [NM_001263]"
"42202",-1.3332972972973,8.68994594594595,-12.5766744167094,2.10581372928326e-29,1.17273769352227e-27,56.0539709699888,"HOXA3","ref|Homo sapiens homeobox A3 (HOXA3), transcript variant 2, mRNA [NM_153631]"
"42236",-1.17618243243244,5.27271283783784,-11.1766640948055,1.82241872556398e-24,4.62074514806953e-23,44.8133850319832,"LOC729338","ref|Homo sapiens CETN4 pseudogene (LOC729338), non-coding RNA [NR_024041]"
"42238",-2.04791216216217,12.2332398648649,-14.6729189767149,4.35678824009557e-37,1.45578967051194e-34,73.5636224791002,"HSPB2","ref|Homo sapiens heat shock 27kDa protein 2 (HSPB2), mRNA [NM_001541]"
"42285",-1.24570945945946,6.02201689189189,-11.2570669976927,9.61275529356196e-25,2.54778862681489e-23,45.4455146714501,"C10orf90","ref|Homo sapiens chromosome 10 open reading frame 90 (C10orf90), mRNA [NM_001004298]"
"42354",2.32422297297297,6.62792905405405,15.5299056548294,2.73898994365444e-40,2.47896544809812e-37,80.860790894438,"HMMR","ref|Homo sapiens hyaluronan-mediated motility receptor (RHAMM) (HMMR), transcript variant 2, mRNA [NM_012484]"
"42449",-1.5201081081081,7.89154054054054,-10.2768324581119,2.05263180194985e-21,3.42324833138018e-20,37.8730867751192,"CACNA2D1","ref|Homo sapiens calcium channel, voltage-dependent, alpha 2/delta subunit 1 (CACNA2D1), mRNA [NM_000722]"
"42463",-3.03891891891891,12.4214932432432,-13.598973103715,4.06660361049782e-33,4.81609409871109e-31,64.515911828281,"PCOLCE2","ref|Homo sapiens procollagen C-endopeptidase enhancer 2 (PCOLCE2), mRNA [NM_013363]"
"42559",-3.25452702702703,9.13420945945946,-11.9995343850901,2.41471457019771e-27,9.65473056357681e-26,51.3638503947976,"DEFB132","ref|Homo sapiens defensin, beta 132 (DEFB132), mRNA [NM_207469]"
"42578",1.03608783783784,7.368125,9.31894895582245,2.67693459740615e-18,3.06553244716426e-17,30.7972881086087,"FANK1","ref|Homo sapiens fibronectin type III and ankyrin repeat domains 1 (FANK1), mRNA [NM_145235]"
"42611",2.19718918918919,10.8059054054054,11.9666339744427,3.15731075160217e-27,1.24116804168025e-25,51.0986990925522,"SDC1","ref|Homo sapiens syndecan 1 (SDC1), transcript variant 1, mRNA [NM_001006946]"
"42630",-1.12350675675675,9.92095608108108,-11.8578801902922,7.64673968227614e-27,2.80560378303433e-25,50.22404230266,"PCYOX1","ref|Homo sapiens prenylcysteine oxidase 1 (PCYOX1), mRNA [NM_016297]"
"42747",1.19494594594595,10.6705337837838,3.74038780120745,0.000220214871931371,0.000554299257947245,-0.399680165326592,"ENST00000390247","ens|Ig kappa chain V-III region VH Precursor; Fragment  [Source:UniProtKB/Swiss-Prot;Acc:P04434] [ENST00000390247]"
"42881",1.14716216216216,8.46138513513514,9.96120894151973,2.26606747582913e-20,3.31789159684779e-19,35.5029883694152,"SERPINE2","ref|Homo sapiens serpin peptidase inhibitor, clade E (nexin, plasminogen activator inhibitor type 1), member 2 (SERPINE2), transcript variant 1, mRNA [NM_006216]"
"42908",-1.74639864864865,7.74638851351351,-9.81657571548958,6.72942521277207e-20,9.34132081464325e-19,34.4291608717492,"NPY5R","ref|Homo sapiens neuropeptide Y receptor Y5 (NPY5R), mRNA [NM_006174]"
"43038",1.3562972972973,8.50250675675676,7.71021695666322,1.8765221459096e-13,1.34225850130965e-12,19.8222230517384,"LRG1","ref|Homo sapiens leucine-rich alpha-2-glycoprotein 1 (LRG1), mRNA [NM_052972]"
"43124",-1.02662837837837,11.238597972973,-12.8121576921311,2.98378191290814e-30,2.03289414014664e-28,57.9871082788664,"YAP1","ref|Homo sapiens Yes-associated protein 1, 65kDa (YAP1), transcript variant 2, mRNA [NM_006106]"
"43170",1.24904054054054,7.70642567567568,13.5569949676571,5.79641843742372e-33,6.69522109883165e-31,64.1651580818531,"MCM4","ref|Homo sapiens minichromosome maintenance complex component 4 (MCM4), transcript variant 1, mRNA [NM_005914]"
"43424",-1.34647297297297,6.63092567567568,-11.0776328532127,3.99692125844589e-24,9.76375856240724e-23,44.0373377856483,"SOX5","ref|Homo sapiens SRY (sex determining region Y)-box 5 (SOX5), transcript variant 2, mRNA [NM_152989]"
"43453",2.42258783783784,9.05410472972973,9.74030081322181,1.19095730061107e-19,1.59179950064531e-18,33.8660761309855,"RAB17","ref|Homo sapiens RAB17, member RAS oncogene family (RAB17), mRNA [NM_022449]"
"43456",-1.01972297297298,10.0188885135135,-9.11185292054287,1.20359815677044e-17,1.29733460308113e-16,29.3160805882282,"LAMA2","ref|Homo sapiens laminin, alpha 2 (LAMA2), transcript variant 1, mRNA [NM_000426]"
"43600",-1.70678378378378,6.04048648648649,-12.5225801124963,3.29396391829435e-29,1.79176316392802e-27,55.6114126463912,"LOC729467","ref|Homo sapiens hypothetical LOC729467 (LOC729467), non-coding RNA [NR_027120]"
"43601",1.91439189189189,6.12452702702703,14.3279135138548,8.32942246892363e-36,1.85547801474404e-33,70.6430284601727,"NUF2","ref|Homo sapiens NUF2, NDC80 kinetochore complex component, homolog (S. cerevisiae) (NUF2), transcript variant 1, mRNA [NM_145697]"
"43612",-1.38622972972973,8.54418918918919,-13.5344116657364,7.01333630296438e-33,7.81152076792081e-31,63.9765643996027,"C1orf115","ref|Homo sapiens chromosome 1 open reading frame 115 (C1orf115), mRNA [NM_024709]"
"43928",-1.15373648648648,13.0880574324324,-10.0484599840901,1.17083779433806e-20,1.78119648842714e-19,36.1545668477368,"SLIT3","ref|Homo sapiens slit homolog 3 (Drosophila) (SLIT3), mRNA [NM_003062]"
"4417",-1.20510135135135,7.71221959459459,-11.7234371499906,2.2734764951297e-26,7.734780395794e-25,49.1467209207866,"CLCN4","ref|Homo sapiens chloride channel 4 (CLCN4), mRNA [NM_001830]"
"4672",1.08095945945946,7.33846621621622,5.83369503516835,1.4074816852974e-08,5.96665095044971e-08,8.85754655248174,"RET","ref|Homo sapiens ret proto-oncogene (RET), transcript variant 2, mRNA [NM_020975]"
"48377",-2.94143243243243,9.44147297297297,-12.6239603202058,1.42355130668461e-29,8.27251305921812e-28,56.4413003457339,"SLC7A10","ref|Homo sapiens solute carrier family 7, (neutral amino acid transporter, y+ system) member 10 (SLC7A10), mRNA [NM_019849]"
"4862",-2.06914864864864,8.41992567567568,-11.890086883397,5.88620987764506e-27,2.19407886913335e-25,50.4827730399377,"SCN4A","ref|Homo sapiens sodium channel, voltage-gated, type IV, alpha subunit (SCN4A), mRNA [NM_000334]"
"48699",-2.40610135135134,9.90109797297297,-13.4262019777431,1.74604416555709e-32,1.83550440594968e-30,63.0739335674203,"CES1","ref|Homo sapiens carboxylesterase 1 (monocyte/macrophage serine esterase 1) (CES1), transcript variant 3, mRNA [NM_001266]"
"48780",1.39559459459459,7.78305405405405,3.61870013092091,0.00034755691000296,0.000845706749021507,-0.827116834958484,"CPB1","ref|Homo sapiens carboxypeptidase B1 (tissue) (CPB1), mRNA [NM_001871]"
"48953",-1.52361486486486,8.40080743243243,-10.6451500349418,1.19269532902325e-22,2.3997543007186e-21,40.6826921117465,"PGAM2","ref|Homo sapiens phosphoglycerate mutase 2 (muscle) (PGAM2), mRNA [NM_000290]"
"49018",1.51638513513513,8.44904391891892,11.2201975795301,1.28923616713147e-24,3.35991464615097e-23,45.155419646291,"A_33_P3303430","Unknown"
"49088",-1.29953378378379,9.10379391891892,-10.0756885092723,9.52265231261264e-21,1.46055631207875e-19,36.3584785100333,"SV2B","ref|Homo sapiens synaptic vesicle glycoprotein 2B (SV2B), transcript variant 1, mRNA [NM_014848]"
"49118",2.56768918918919,7.68512162162162,11.4607858921807,1.88602480273177e-25,5.56645049033389e-24,47.0551780225189,"F2RL2","ref|Homo sapiens coagulation factor II (thrombin) receptor-like 2 (F2RL2), mRNA [NM_004101]"
"49124",-1.56063513513514,10.6843648648649,-12.0218582901268,2.01274482968419e-27,8.22324918188877e-26,51.5439063776133,"ADRA2A","ref|Homo sapiens adrenergic, alpha-2A-, receptor (ADRA2A), mRNA [NM_000681]"
"49259",-1.90819594594595,13.561402027027,-12.1718824291484,5.9034037208156e-28,2.64519850905249e-26,52.7568863881756,"RASD1","ref|Homo sapiens RAS, dexamethasone-induced 1 (RASD1), mRNA [NM_016084]"
"49272",1.7284054054054,7.18197972972973,11.4791781097539,1.62725025853595e-25,4.84858389135742e-24,47.2010544768468,"SDS","ref|Homo sapiens serine dehydratase (SDS), mRNA [NM_006843]"
"49296",1.00283783783783,5.89114189189189,9.88198753239718,4.11727769888837e-20,5.83655305315146e-19,34.913829917151,"SPATA17","ref|Homo sapiens spermatogenesis associated 17 (SPATA17), mRNA [NM_138796]"
"49325",1.43872297297298,9.04316554054054,8.27420439060097,4.32819074328878e-15,3.66798483643205e-14,23.5243587958911,"PPAP2C","ref|Homo sapiens phosphatidic acid phosphatase type 2C (PPAP2C), transcript variant 3, mRNA [NM_177543]"
"49348",2.52519594594594,7.527625,11.0435205771718,5.23517103101225e-24,1.26237783933378e-22,43.7706806977369,"A_23_P90470","Unknown"
"49415",1.09868918918919,7.47497297297297,8.46494960675184,1.1664123077274e-15,1.03440318019882e-14,24.8136854170293,"SALL4","ref|Homo sapiens sal-like 4 (Drosophila) (SALL4), mRNA [NM_020436]"
"49419",1.02652027027026,9.2073277027027,8.30935085160504,3.40377249454945e-15,2.92162343660593e-14,23.7605593844694,"GOLGA2L1","ref|Homo sapiens golgi autoantigen, golgin subfamily a, 2-like 1 (GOLGA2L1), transcript variant 2, transcribed RNA [NR_024261]"
"49438",-2.23947972972973,10.1097804054054,-12.2656776116159,2.73512574183564e-28,1.31906373405228e-26,53.5177830623251,"PPARG","ref|Homo sapiens peroxisome proliferator-activated receptor gamma (PPARG), transcript variant 3, mRNA [NM_138711]"
"49451",1.28733783783784,6.32174324324324,11.5419070650276,9.83035965199839e-26,3.07601487973568e-24,47.6992563059194,"VWA1","ref|Homo sapiens von Willebrand factor A domain containing 1 (VWA1), transcript variant 1, mRNA [NM_022834]"
"49630",-1.73218918918919,10.9478716216216,-12.1514490087061,6.97882447569557e-28,3.07990008465131e-26,52.5913801474452,"PTGER3","ref|Homo sapiens prostaglandin E receptor 3 (subtype EP3) (PTGER3), transcript variant 7, mRNA [NM_198717]"
"49680",1.18480405405405,7.90389527027027,12.1250922796654,8.65908341439133e-28,3.73338177073941e-26,52.3780335516117,"MAPK13","ref|Homo sapiens mitogen-activated protein kinase 13 (MAPK13), mRNA [NM_002754]"
"49718",-2.73690540540541,11.363722972973,-13.8630976089106,4.34844798528499e-34,6.45779037306768e-32,66.7283804917359,"RDH5","ref|Homo sapiens retinol dehydrogenase 5 (11-cis/9-cis) (RDH5), mRNA [NM_002905]"
"49753",1.49735810810811,6.09783445945946,9.44430020526363,1.06836718298012e-18,1.28809837164459e-17,31.7026773100369,"NAT2","ref|Homo sapiens N-acetyltransferase 2 (arylamine N-acetyltransferase) (NAT2), mRNA [NM_000015]"
"49770",2.58489189189189,9.16042567567568,15.4492000398563,5.49552597233173e-40,3.67258149979541e-37,80.1714988860579,"CENPF","ref|Homo sapiens centromere protein F, 350/400ka (mitosin) (CENPF), mRNA [NM_016343]"
"49788",1.13797972972973,7.21944932432432,11.573822381219,7.603888239777e-26,2.40344521524843e-24,47.953127190061,"ECT2","ref|Homo sapiens epithelial cell transforming sequence 2 oncogene (ECT2), mRNA [NM_018098]"
"49796",-1.14879729729731,9.65680405405405,-10.6942717991503,8.13338219088202e-23,1.6724378852284e-21,41.0607871388197,"DLC1","ref|Homo sapiens deleted in liver cancer 1 (DLC1), transcript variant 1, mRNA [NM_182643]"
"49845",1.61892567567568,8.17149662162162,10.4002444163944,7.95084043729819e-22,1.41961952540767e-20,38.8094051009237,"RAMP1","ref|Homo sapiens receptor (G protein-coupled) activity modifying protein 1 (RAMP1), mRNA [NM_005855]"
"49911",3.20874324324324,14.4458918918919,9.20595910185653,6.09253583136817e-18,6.73779730948944e-17,29.9868640609168,"KRT19","ref|Homo sapiens keratin 19 (KRT19), mRNA [NM_002276]"
"49928",1.05180405405405,8.62171283783784,10.8191191071768,3.06365643255006e-23,6.55916924094699e-22,42.0251925384755,"BLNK","ref|Homo sapiens B-cell linker (BLNK), transcript variant 1, mRNA [NM_013314]"
"49952",1.27385135135135,6.7992972972973,12.0573202460779,1.50685762761056e-27,6.29382141246627e-26,51.83016448862,"lincRNA:chr7:7928975-7996750_R","lincRNA:chr7:7928975-7996750 reverse strand"
"50018",1.10012162162162,5.87316891891892,9.94583346344859,2.54497843917453e-20,3.67450899335137e-19,35.3884590370214,"KIAA1244","ref|Homo sapiens KIAA1244 (KIAA1244), mRNA [NM_020340]"
"50081",1.67354054054054,15.1993040540541,10.2808923336624,1.98974140621466e-21,3.32428939224006e-20,37.9038049611003,"XBP1","ref|Homo sapiens X-box binding protein 1 (XBP1), transcript variant 1, mRNA [NM_005080]"
"50096",1.33448648648648,10.3766081081081,10.0940254045374,8.28435967384621e-21,1.28325279980969e-19,36.4959538278524,"CD2","ref|Homo sapiens CD2 molecule (CD2), mRNA [NM_001767]"
"50116",1.56598648648648,7.2005472972973,12.8274690680192,2.62683076826987e-30,1.80710504911271e-28,58.1131629705811,"CDCA3","ref|Homo sapiens cell division cycle associated 3 (CDCA3), mRNA [NM_031299]"
"50143",-1.05738513513514,7.77901689189189,-8.67546591140488,2.68890189275146e-16,2.55664289721369e-15,26.2573747049548,"SCN3B","ref|Homo sapiens sodium channel, voltage-gated, type III, beta (SCN3B), transcript variant 1, mRNA [NM_018400]"
"50254",-1.00641891891892,6.30525675675676,-8.76025281242361,1.48036503719568e-16,1.44123780312204e-15,26.8448061177701,"GPLD1","ref|Homo sapiens glycosylphosphatidylinositol specific phospholipase D1 (GPLD1), transcript variant 2, mRNA [NM_177483]"
"50275",-1.20748648648648,7.15922297297297,-12.3241842977434,1.69101292780631e-28,8.32690365923989e-27,53.9933707332854,"CDC14C","ref|Homo sapiens CDC14 cell division cycle 14 homolog C (S. cerevisiae) (CDC14C), non-coding RNA [NR_003595]"
"50329",-1.09787162162162,8.49963851351351,-6.24818374844253,1.4265816433513e-09,6.74436475755167e-09,11.0831429447967,"CAPN6","ref|Homo sapiens calpain 6 (CAPN6), mRNA [NM_014289]"
"50330",1.71283783783784,10.2628243243243,10.4554692559605,5.1924944913435e-22,9.52568205117838e-21,39.2300777924726,"RAMP1","ref|Homo sapiens receptor (G protein-coupled) activity modifying protein 1 (RAMP1), mRNA [NM_005855]"
"50333",-1.3145,8.41510810810811,-13.1558833234008,1.69147242727869e-31,1.41298357407317e-29,60.8268827376165,"ANTXR2","ref|Homo sapiens anthrax toxin receptor 2 (ANTXR2), transcript variant 1, mRNA [NM_058172]"
"50500",-1.03162162162163,9.14442567567568,-11.2882136840391,7.4993583905995e-25,2.00468563149854e-23,45.6908788436408,"THRA","ref|Homo sapiens thyroid hormone receptor, alpha (erythroblastic leukemia viral (v-erb-a) oncogene homolog, avian) (THRA), transcript variant 1, mRNA [NM_199334]"
"50503",1.88452702702702,6.03011486486487,14.4213410405021,3.75060210900153e-36,8.99759829020983e-34,71.4327668607597,"CENPM","ref|Homo sapiens centromere protein M (CENPM), transcript variant 2, mRNA [NM_001002876]"
"50574",-2.3802972972973,12.2117432432432,-12.7671988475666,4.33650973793989e-30,2.81752674362261e-28,57.6172225941621,"CHRDL1","ref|Homo sapiens chordin-like 1 (CHRDL1), transcript variant 1, mRNA [NM_001143981]"
"50582",1.91198648648649,7.67439189189189,13.1292397409115,2.1144483944447e-31,1.73533150687935e-29,60.6060377612683,"TPX2","ref|Homo sapiens TPX2, microtubule-associated, homolog (Xenopus laevis) (TPX2), mRNA [NM_012112]"
"50634",1.34969594594594,12.1268209459459,9.68354244908522,1.81866877397014e-19,2.37978532157547e-18,33.4485368911229,"SLC9A3R1","ref|Homo sapiens solute carrier family 9 (sodium/hydrogen exchanger), member 3 regulator 1 (SLC9A3R1), mRNA [NM_004252]"
"50718",2.18560135135136,11.8820912162162,7.26004213283927,3.36348724186981e-12,2.09512560818468e-11,16.9929317538329,"TACSTD2","ref|Homo sapiens tumor-associated calcium signal transducer 2 (TACSTD2), mRNA [NM_002353]"
"50739",-2.19684459459459,8.77326013513514,-12.2190655561373,4.00982690180151e-28,1.85722477689381e-26,53.139411154702,"ADRB1","ref|Homo sapiens adrenergic, beta-1-, receptor (ADRB1), mRNA [NM_000684]"
"50774",1.50888513513514,6.15480743243243,13.3472066345552,3.39440165665658e-32,3.37851296805096e-30,62.4160981580841,"RRM2","ref|Homo sapiens ribonucleotide reductase M2 (RRM2), transcript variant 2, mRNA [NM_001034]"
"50864",-1.50350675675675,8.52076013513513,-13.2554404690413,7.33880034725035e-32,6.86618160488743e-30,61.6531217096243,"lincRNA:chr3:64679105-64680881_F","lincRNA:chr3:64679105-64680881 forward strand"
"50912",-2.39393243243243,8.21597972972973,-14.1546603722596,3.64862042881015e-35,6.56471014075919e-33,69.1809892440821,"AQP7P1","ref|Homo sapiens aquaporin 7 pseudogene 1 (AQP7P1), non-coding RNA [NR_002817]"
"50959",1.03452702702703,8.02056081081081,7.95030452670506,3.8479443708057e-14,2.96796104973274e-13,21.3775413191682,"SLC9A7","ref|Homo sapiens solute carrier family 9 (sodium/hydrogen exchanger), member 7 (SLC9A7), mRNA [NM_032591]"
"50980",2.33772972972972,9.49689864864865,11.4777537924526,1.64595960141582e-25,4.88876127963379e-24,47.189754405704,"GALNT6","ref|Homo sapiens UDP-N-acetyl-alpha-D-galactosamine:polypeptide N-acetylgalactosaminyltransferase 6 (GalNAc-T6) (GALNT6), mRNA [NM_007210]"
"50981",-1.43771621621621,8.08489189189189,-10.1241226971096,6.58940503001119e-21,1.03963698922065e-19,36.7218632763981,"NRN1","ref|Homo sapiens neuritin 1 (NRN1), mRNA [NM_016588]"
"51093",1.23304054054054,7.65145945945946,10.8978833418278,1.65066713627442e-23,3.68583334772875e-22,42.6361158336654,"DNAH14","ref|Homo sapiens dynein, axonemal, heavy chain 14 (DNAH14), transcript variant 2, mRNA [NM_001145154]"
"51102",1.13633783783784,12.214972972973,11.5635921428682,8.25656541115908e-26,2.59222905995988e-24,47.8717217827095,"C9orf75","ref|Homo sapiens chromosome 9 open reading frame 75 (C9orf75), transcript variant 2, mRNA [NM_173691]"
"51105",1.40868243243243,7.01381418918919,11.1344856238937,2.54720930679946e-24,6.38919310306052e-23,44.482512215883,"lincRNA:chr17:38673277-38683254_F","lincRNA:chr17:38673277-38683254 forward strand"
"51325",-1.88599324324324,6.36269256756757,-11.8781631252158,6.4851623400502e-27,2.3982284131822e-25,50.3869552095098,"SLC19A3","ref|Homo sapiens solute carrier family 19, member 3 (SLC19A3), mRNA [NM_025243]"
"51404",-1.15127027027028,13.3796959459459,-11.9967143356352,2.47087990541378e-27,9.83404620212958e-26,51.3411131667834,"PPAP2A","ref|Homo sapiens phosphatidic acid phosphatase type 2A (PPAP2A), transcript variant 2, mRNA [NM_176895]"
"51408",-1.10052027027027,11.1593141891892,-7.08902624693943,9.76866013200483e-12,5.80658095267073e-11,15.9491479385827,"CTSG","ref|Homo sapiens cathepsin G (CTSG), mRNA [NM_001911]"
"51539",-1.33033108108108,10.5441385135135,-10.631452258329,1.32688156456716e-22,2.652629042327e-21,40.5773973201841,"DOCK11","ref|Homo sapiens dedicator of cytokinesis 11 (DOCK11), mRNA [NM_144658]"
"51595",1.10382432432432,6.68139189189189,10.0128928029569,1.53300425256873e-20,2.2985236838194e-19,35.8886168684541,"C21orf96","ref|Homo sapiens chromosome 21 open reading frame 96 (C21orf96), non-coding RNA [NR_026812]"
"51630",1.43665540540541,8.13244932432432,11.3023831836144,6.69782587256591e-25,1.81112308854701e-23,45.8025911815836,"BGN","ref|Homo sapiens biglycan (BGN), mRNA [NM_001711]"
"51654",-1.05321621621622,10.2985337837838,-8.56106798352494,5.9842366487827e-16,5.47297341994242e-15,25.4701967379055,"LRP1","ref|Homo sapiens low density lipoprotein-related protein 1 (alpha-2-macroglobulin receptor) (LRP1), mRNA [NM_002332]"
"51758",-1.56829054054054,8.2736722972973,-13.4703101263333,1.20413497505582e-32,1.29492952030141e-30,63.4416535261677,"EGFR","ref|Homo sapiens epidermal growth factor receptor (erythroblastic leukemia viral (v-erb-b) oncogene homolog, avian) (EGFR), transcript variant 1, mRNA [NM_005228]"
"51847",1.0030472972973,6.58488851351351,8.17484354166074,8.50854545045412e-15,7.00140292299461e-14,22.8600068106647,"C5orf20","ref|Homo sapiens chromosome 5 open reading frame 20 (C5orf20), mRNA [NM_130848]"
"51894",-1.334,12.4076959459459,-11.882298211179,6.27086778235091e-27,2.32818408617758e-25,50.4201803951486,"FAH","ref|Homo sapiens fumarylacetoacetate hydrolase (fumarylacetoacetase) (FAH), mRNA [NM_000137]"
"5192",1.18222297297298,7.3611722972973,8.7154140307859,2.03061072590901e-16,1.95055379379925e-15,26.5337269684643,"NETO2","ref|Homo sapiens neuropilin (NRP) and tolloid (TLL)-like 2 (NETO2), mRNA [NM_018092]"
"51925",-1.07872972972973,13.0223445945946,-11.4678818375492,1.78165686121923e-25,5.27505746631872e-24,47.1114483155481,"ICAM2","ref|Homo sapiens intercellular adhesion molecule 2 (ICAM2), transcript variant 5, mRNA [NM_000873]"
"52065",-1.01322972972973,10.6830675675676,-7.89581698378278,5.52788710845227e-14,4.18099529399187e-13,21.0218227654577,"PTGIS","ref|Homo sapiens prostaglandin I2 (prostacyclin) synthase (PTGIS), mRNA [NM_000961]"
"52087",2.8555472972973,10.8063885135135,10.1542533671238,5.23822000687771e-21,8.37757032211074e-20,36.9483502722049,"ZG16B","ref|Homo sapiens zymogen granule protein 16 homolog B (rat) (ZG16B), mRNA [NM_145252]"
"52184",-1.38316891891893,7.92665878378378,-8.04093687564492,2.09916484460811e-14,1.65876573362782e-13,21.9727334050059,"C6","ref|Homo sapiens complement component 6 (C6), transcript variant 1, mRNA [NM_000065]"
"52229",1.16613513513513,8.39052702702703,9.38570453581441,1.64264027759964e-18,1.92106780465278e-17,31.2786355415053,"lincRNA:chrX:133675909-133683184_R","lincRNA:chrX:133675909-133683184 reverse strand"
"52242",-1.6245472972973,8.23821959459459,-11.4495464239449,2.06393322432998e-25,6.05334145668692e-24,46.9660773643011,"CNTNAP3","ref|Homo sapiens contactin associated protein-like 3 (CNTNAP3), mRNA [NM_033655]"
"52342",-1.61422972972973,9.38828378378378,-12.5900692228718,1.88481790167062e-29,1.06231061976086e-27,56.1636463955731,"LRRN3","ref|Homo sapiens leucine rich repeat neuronal 3 (LRRN3), transcript variant 3, mRNA [NM_018334]"
"52358",1.28147972972973,7.14173986486486,11.9962335480693,2.48058454863465e-27,9.83404620212958e-26,51.3372369022228,"HAGHL","ref|Homo sapiens hydroxyacylglutathione hydrolase-like (HAGHL), transcript variant 2, mRNA [NM_032304]"
"52360",1.00620945945946,10.1616047297297,12.1412308630998,7.58773865047932e-28,3.31733097261143e-26,52.5086501808688,"TRAF5","ref|Homo sapiens TNF receptor-associated factor 5 (TRAF5), transcript variant 1, mRNA [NM_004619]"
"52417",1.44481081081081,6.4697027027027,9.61073487134524,3.12469105391076e-19,3.96132920059472e-18,32.9147920718066,"SPIB","ref|Homo sapiens Spi-B transcription factor (Spi-1/PU.1 related) (SPIB), mRNA [NM_003121]"
"52464",-1.48033108108108,6.60236824324324,-12.6804245736956,8.91406323121818e-30,5.48684049942614e-28,56.9043796947212,"AVPR2","ref|Homo sapiens arginine vasopressin receptor 2 (AVPR2), transcript variant 1, mRNA [NM_000054]"
"52505",-1.10814864864865,6.34508108108108,-10.3527356103062,1.14615303886658e-21,1.98581626511772e-20,38.4483383232513,"BMP5","ref|Homo sapiens bone morphogenetic protein 5 (BMP5), mRNA [NM_021073]"
"52519",-1.06103378378378,5.52613851351351,-12.6698071816099,9.734716616387e-30,5.88952364470776e-28,56.8172566879462,"lincRNA:chr3:64726206-64728255_F","lincRNA:chr3:64726206-64728255 forward strand"
"52545",2.44275,9.50980743243243,9.55101897132499,4.86320357986923e-19,6.0425143018933e-18,32.4786001532178,"BSPRY","ref|Homo sapiens B-box and SPRY domain containing (BSPRY), mRNA [NM_017688]"
"52579",1.22379054054054,8.79367905405405,10.4211530208098,6.76718751355129e-22,1.22274037326883e-20,38.9685541109058,"HIST1H3F","ref|Homo sapiens histone cluster 1, H3f (HIST1H3F), mRNA [NM_021018]"
"52837",1.65041891891892,5.98230405405405,10.5426238182785,2.64525167995412e-22,5.04052438241359e-21,39.896053792662,"CXCL11","ref|Homo sapiens chemokine (C-X-C motif) ligand 11 (CXCL11), mRNA [NM_005409]"
"52966",1.35566216216216,6.31678378378378,11.3831000885054,3.51430062130851e-25,9.93347329696749e-24,46.4400177229279,"ENST00000330118","ens|Dynein heavy chain 14, axonemal (Axonemal beta dynein heavy chain 14)(Ciliary dynein heavy chain 14) [Source:UniProtKB/Swiss-Prot;Acc:Q0VDD8] [ENST00000330118]"
"52996",1.11004054054055,6.35493918918919,7.83741267909417,8.13666953511848e-14,6.01316589025027e-13,20.6423093582233,"SNX22","ref|Homo sapiens sorting nexin 22 (SNX22), mRNA [NM_024798]"
"53122",1.09958783783784,9.96038851351351,7.31439859845529,2.38820974128054e-12,1.51485358233361e-11,17.3283391930578,"IL7R","ref|Homo sapiens interleukin 7 receptor (IL7R), mRNA [NM_002185]"
"53178",1.47450000000001,6.89516891891892,7.67414164649872,2.37461786544456e-13,1.67674903766787e-12,19.5912539414171,"FA2H","ref|Homo sapiens fatty acid 2-hydroxylase (FA2H), mRNA [NM_024306]"
"53199",-1.77520945945947,15.5964087837838,-13.1232746063413,2.22275687567275e-31,1.80835768076471e-29,60.5566096630068,"AGPAT2","ref|Homo sapiens 1-acylglycerol-3-phosphate O-acyltransferase 2 (lysophosphatidic acid acyltransferase, beta) (AGPAT2), transcript variant 1, mRNA [NM_006412]"
"53458",-1.29451351351352,8.57202027027027,-12.1665200122757,6.16850535060685e-28,2.74821600287036e-26,52.7134430296314,"CD34","ref|Homo sapiens CD34 molecule (CD34), transcript variant 2, mRNA [NM_001773]"
"53563",2.02899999999999,6.95194594594595,10.9385299754668,1.19878303222791e-23,2.77619159641691e-22,42.9521267120064,"PRLR","ref|Homo sapiens prolactin receptor (PRLR), mRNA [NM_000949]"
"5370",1.49242567567568,5.77065202702703,7.46933304734703,8.91599556381206e-13,5.92037292370657e-12,18.2938429488773,"MNX1","ref|Homo sapiens motor neuron and pancreas homeobox 1 (MNX1), transcript variant 1, mRNA [NM_005515]"
"53771",1.11516216216217,5.81591216216216,10.7633708419172,4.74069418759449e-23,1.00121749027391e-21,41.593949728212,"TIGIT","ref|Homo sapiens T cell immunoreceptor with Ig and ITIM domains (TIGIT), mRNA [NM_173799]"
"53825",1.3754864864865,8.23725675675676,7.7850815298981,1.14870809851443e-13,8.34418708827715e-13,20.3038334034447,"LRG1","ref|Homo sapiens leucine-rich alpha-2-glycoprotein 1 (LRG1), mRNA [NM_052972]"
"53835",-1.82137837837838,7.9019527027027,-13.6968653601774,1.77771356090426e-33,2.31004001053059e-31,65.3348210758921,"LOC401052","ref|Homo sapiens hypothetical LOC401052 (LOC401052), mRNA [NM_001008737]"
"54164",1.22562837837838,6.05127364864865,10.9259391528343,1.32371774778424e-23,3.02804480397785e-22,42.8541847338233,"GPRIN1","ref|Homo sapiens G protein regulated inducer of neurite outgrowth 1 (GPRIN1), mRNA [NM_052899]"
"54166",-1.6455945945946,13.5739189189189,-12.5022054359152,3.89795469804959e-29,2.09593472154896e-27,55.444873840224,"LOC389033","ref|Homo sapiens placenta-specific 9 pseudogene (LOC389033), non-coding RNA [NR_026740]"
"54187",1.18756081081081,5.069375,11.2001724659906,1.51183803280674e-24,3.90739133561873e-23,44.9980191948468,"C15orf42","ref|Homo sapiens chromosome 15 open reading frame 42 (C15orf42), mRNA [NM_152259]"
"54401",-1.1887027027027,7.59158108108108,-10.7250570941786,6.39597880784551e-23,1.33871985964659e-21,41.2981373087276,"EMX2","ref|Homo sapiens empty spiracles homeobox 2 (EMX2), transcript variant 1, mRNA [NM_004098]"
"54490",-1.10154054054054,8.77458783783784,-10.8432811195619,2.53475501737622e-23,5.50235915140881e-22,42.2123987293314,"CCDC75","ref|Homo sapiens coiled-coil domain containing 75 (CCDC75), mRNA [NM_174931]"
"54495",1.8605945945946,12.6537297297297,7.29209658740315,2.74902723871614e-12,1.72965022497836e-11,17.1905135332261,"ENST00000390549","ens|Ig gamma-1 chain C region  [Source:UniProtKB/Swiss-Prot;Acc:P01857] [ENST00000390549]"
"54652",-1.76266216216217,9.89391891891892,-14.5149157688138,1.68522593430019e-36,4.37971495592017e-34,72.2246331968101,"ECHDC3","ref|Homo sapiens enoyl Coenzyme A hydratase domain containing 3 (ECHDC3), nuclear gene encoding mitochondrial protein, mRNA [NM_024693]"
"54704",1.09766891891892,11.8581114864865,9.02669089497435,2.22146041718645e-17,2.32483038738215e-16,28.712397237311,"C17orf28","ref|Homo sapiens chromosome 17 open reading frame 28 (C17orf28), mRNA [NM_030630]"
"54725",1.79597297297297,8.01867567567568,17.4709887057629,1.36706667647759e-47,1.27902758251243e-43,97.5018863695218,"EZH2","ref|Homo sapiens enhancer of zeste homolog 2 (Drosophila) (EZH2), transcript variant 1, mRNA [NM_004456]"
"54810",1.35435135135135,11.5241148648649,11.6135815743172,5.51991570253812e-26,1.7747192891047e-24,48.2697609213678,"FAM110A","ref|Homo sapiens family with sequence similarity 110, member A (FAM110A), transcript variant 3, mRNA [NM_001042353]"
"54974",1.10683783783784,8.6802972972973,10.0135862357965,1.52497690097352e-20,2.29015792704788e-19,35.8937974944522,"NUAK2","ref|Homo sapiens NUAK family, SNF1-like kinase, 2 (NUAK2), mRNA [NM_030952]"
"55024",-1.00035810810811,5.96701013513514,-10.1918170644317,3.93315521183081e-21,6.32278353297062e-20,37.2311651835498,"A_33_P3403708","Unknown"
"55028",1.74581081081082,10.2564797297297,9.81174165170754,6.97780180389318e-20,9.64317779574957e-19,34.3934077327158,"KRT8P12","gb|Homo sapiens mRNA; cDNA DKFZp434C107 (from clone DKFZp434C107) [AL133645]"
"55046",-1.29565540540541,9.86360472972973,-10.0997275514857,7.93295924950445e-21,1.23085848654003e-19,36.5387288242162,"REEP2","ref|Homo sapiens receptor accessory protein 2 (REEP2), mRNA [NM_016606]"
"55152",-1.33603378378379,10.292847972973,-9.61301245716656,3.07232871237636e-19,3.90023167340478e-18,32.9314568914077,"CKB","ref|Homo sapiens creatine kinase, brain (CKB), mRNA [NM_001823]"
"55160",1.08297297297298,6.36212837837838,12.6520166753629,1.12821071007946e-29,6.72327350541619e-28,56.6713217609156,"EME1","ref|Homo sapiens essential meiotic endonuclease 1 homolog 1 (S. pombe) (EME1), transcript variant 2, mRNA [NM_152463]"
"55188",1.31784459459459,7.89863175675676,9.62158881423895,2.88285562252915e-19,3.68469907163698e-18,32.9942276325096,"RASSF7","ref|Homo sapiens Ras association (RalGDS/AF-6) domain family (N-terminal) member 7 (RASSF7), transcript variant 1, mRNA [NM_003475]"
"55197",1.0023445945946,4.84746283783784,5.45771433526136,1.01386340417843e-07,3.89396798419268e-07,6.94427331479419,"HOXB13","ref|Homo sapiens homeobox B13 (HOXB13), mRNA [NM_006361]"
"55300",-1.80006081081081,7.38984797297297,-13.4268969930538,1.73585448626647e-32,1.83550440594968e-30,63.0797255091856,"DMRT2","ref|Homo sapiens doublesex and mab-3 related transcription factor 2 (DMRT2), transcript variant 1, mRNA [NM_006557]"
"55323",1.24456081081082,7.95426013513513,9.84990202281722,5.24031292057006e-20,7.31766681863485e-19,34.6758884872508,"PACSIN1","ref|Homo sapiens protein kinase C and casein kinase substrate in neurons 1 (PACSIN1), mRNA [NM_020804]"
"55349",1.52799324324324,7.20275337837838,11.4095008120297,2.84486115306814e-25,8.13960885263166e-24,46.6488914412797,"PLEK2","ref|Homo sapiens pleckstrin 2 (PLEK2), mRNA [NM_016445]"
"55371",1.23152027027027,6.23991554054054,7.67754982323309,2.32245771755948e-13,1.64115667715155e-12,19.6130435539475,"NXNL2","ref|Homo sapiens nucleoredoxin-like 2 (NXNL2), transcript variant 1, mRNA [NM_001161625]"
"55411",-1.13835135135135,7.4812027027027,-10.3804100349121,9.26323291527214e-22,1.63214326092818e-20,38.6585700879558,"EMX2","ref|Homo sapiens empty spiracles homeobox 2 (EMX2), transcript variant 1, mRNA [NM_004098]"
"55494",1.13256081081081,10.1784425675676,7.02227098853001,1.47420988923505e-11,8.59437529988577e-11,15.5465016848503,"IER3","ref|Homo sapiens immediate early response 3 (IER3), mRNA [NM_003897]"
"55495",-1.46542567567568,10.2565844594595,-12.2519909000625,3.06044379024654e-28,1.46089347456871e-26,53.4066328119061,"ARHGEF4","ref|Homo sapiens Rho guanine nucleotide exchange factor (GEF) 4 (ARHGEF4), transcript variant 2, mRNA [NM_032995]"
"55551",2.24337837837838,8.88141216216216,9.39995444155457,1.47967043687754e-18,1.74795411709927e-17,31.381627292873,"A_33_P3386723","Unknown"
"55642",1.00110135135135,7.18092905405405,6.79052723767534,6.02565594215689e-11,3.30502086912063e-10,14.1700308241439,"PAK6","ref|Homo sapiens p21 protein (Cdc42/Rac)-activated kinase 6 (PAK6), transcript variant 1, mRNA [NM_020168]"
"55685",-1.00524324324324,6.75460810810811,-9.2115858976527,5.84880091740666e-18,6.49126706800198e-17,30.0270931784297,"TMEM35","ref|Homo sapiens transmembrane protein 35 (TMEM35), mRNA [NM_021637]"
"55696",1.94866891891891,7.2974222972973,14.8547328531107,9.16098150574974e-38,3.57125595699144e-35,75.1071543418682,"lincRNA:chr22:27053483-27072438_F","lincRNA:chr22:27053483-27072438 forward strand"
"55804",-2.03543243243244,11.9890810810811,-14.5946556488633,8.51713330135808e-37,2.41473633840928e-34,72.9000935345261,"HSPB2","ref|Homo sapiens heat shock 27kDa protein 2 (HSPB2), mRNA [NM_001541]"
"55839",1.18756081081081,7.81146959459459,8.01211074745948,2.54655546836286e-14,1.99377179598351e-13,21.7829574008033,"MSR1","ref|Homo sapiens macrophage scavenger receptor 1 (MSR1), transcript variant SR-AII, mRNA [NM_002445]"
"55859",-1.34172297297298,9.72751689189189,-12.8975010334064,1.46590250816822e-30,1.05499875895553e-28,58.6902606231313,"RPL23AP32","ref|Homo sapiens ribosomal protein L23a pseudogene 32 (RPL23AP32), non-coding RNA [NR_002229]"
"55861",1.35238513513514,6.67297635135135,9.77003487711549,9.53596949221795e-20,1.29302218216219e-18,34.0853145236865,"CXCR6","ref|Homo sapiens chemokine (C-X-C motif) receptor 6 (CXCR6), mRNA [NM_006564]"
"55867",-1.81591216216215,10.816875,-9.77890519297843,8.92358111307523e-20,1.21526964911109e-18,34.1507844696204,"ITGB1BP1","ref|Homo sapiens integrin beta 1 binding protein 1 (ITGB1BP1), transcript variant 1, mRNA [NM_004763]"
"55875",-1.05194594594594,13.5764594594595,-11.6859713354103,3.0776714857905e-26,1.02472222138989e-24,48.847294950427,"TGFBR2","ref|Homo sapiens transforming growth factor, beta receptor II (70/80kDa) (TGFBR2), transcript variant 1, mRNA [NM_001024847]"
"55879",-1.22239189189189,6.23575675675676,-13.0100122517878,5.73235615347761e-31,4.4528443761706e-29,59.6192331120132,"C2orf88","ref|Homo sapiens chromosome 2 open reading frame 88 (C2orf88), transcript variant 1, mRNA [NM_001042519]"
"55889",-1.25544594594594,7.33235810810811,-10.2556850494956,2.41360551131012e-21,3.97565020489745e-20,37.713172556017,"NCAM1","ref|Homo sapiens neural cell adhesion molecule 1 (NCAM1), transcript variant 2, mRNA [NM_181351]"
"56146",1.6600472972973,9.09467905405405,9.9646178955499,2.20846681624889e-20,3.23862312426718e-19,35.5283930311251,"FER1L4","ref|Homo sapiens fer-1-like 4 (C. elegans) (FER1L4), non-coding RNA [NR_024377]"
"56171",2.63307432432432,7.29490202702703,15.9105623277324,1.02152025565576e-41,3.18578117063843e-38,84.1163358136489,"ASPM","ref|Homo sapiens asp (abnormal spindle) homolog, microcephaly associated (Drosophila) (ASPM), mRNA [NM_018136]"
"56401",1.14030405405405,5.36847635135135,7.27234824357475,3.11304397560842e-12,1.9469010318043e-11,17.0687141119973,"FOXJ1","ref|Homo sapiens forkhead box J1 (FOXJ1), mRNA [NM_001454]"
"56449",1.32093243243243,6.11716891891892,7.92822793677016,4.45712933209919e-14,3.41251244117185e-13,21.2332238964611,"BCAS1","ref|Homo sapiens breast carcinoma amplified sequence 1 (BCAS1), mRNA [NM_003657]"
"56540",-2.45307432432432,13.7350101351351,-13.1599294522291,1.63508479603959e-31,1.37818498664382e-29,60.8604307637201,"AOC3","ref|Homo sapiens amine oxidase, copper containing 3 (vascular adhesion protein 1) (AOC3), mRNA [NM_003734]"
"56689",3.07956756756757,9.47777027027027,10.8198361703824,3.04648195312412e-23,6.53735898014434e-22,42.0307457108437,"S100A14","ref|Homo sapiens S100 calcium binding protein A14 (S100A14), mRNA [NM_020672]"
"5682",-1.51312837837838,6.78290202702703,-12.9946234280793,6.51872469182252e-31,4.9991137882534e-29,59.4920415754949,"AVPR2","ref|Homo sapiens arginine vasopressin receptor 2 (AVPR2), transcript variant 1, mRNA [NM_000054]"
"56969",1.67231756756756,6.5874222972973,10.1411738118157,5.78713670087678e-21,9.19260627731803e-20,36.84999347569,"HOOK1","ref|Homo sapiens hook homolog 1 (Drosophila) (HOOK1), mRNA [NM_015888]"
"57014",1.86010135135135,8.140125,15.0801526553196,1.32029528208432e-38,5.88222983770518e-36,77.0246102053733,"KIF23","ref|Homo sapiens kinesin family member 23 (KIF23), transcript variant 1, mRNA [NM_138555]"
"57114",1.02323648648649,9.06715878378378,3.54057356858087,0.00046289565921954,0.00110171757508472,-1.09471700852656,"TNS4","ref|Homo sapiens tensin 4 (TNS4), mRNA [NM_032865]"
"57269",2.33267567567568,9.02643918918919,15.743700533013,4.32248206587557e-41,6.74019036805531e-38,82.6884272228183,"PKMYT1","ref|Homo sapiens protein kinase, membrane associated tyrosine/threonine 1 (PKMYT1), transcript variant 2, mRNA [NM_182687]"
"57277",-1.06993243243244,12.7451081081081,-13.5289274221283,7.34545915703571e-33,8.08519010273249e-31,63.930776427416,"NR3C1","ref|Homo sapiens nuclear receptor subfamily 3, group C, member 1 (glucocorticoid receptor) (NR3C1), transcript variant 1, mRNA [NM_001018077]"
"57341",-1.31969594594594,10.2369695945946,-11.8526951096303,7.97557077033607e-27,2.91482187997126e-25,50.1824115041432,"KLHL29","ref|Homo sapiens kelch-like 29 (Drosophila) (KLHL29), mRNA [NM_052920]"
"57435",-1.38441891891892,6.51540540540541,-11.5754771787661,7.50325417404063e-26,2.38777027388858e-24,47.9662975116733,"RNU4ATAC","gb|HHAGE001732 Human liver regeneration after partial hepatectomy Homo sapiens cDNA, mRNA sequence [DW419002]"
"57506",-1.1739054054054,10.5758986486486,-6.71830709433052,9.28217667393545e-11,4.97103863545164e-10,13.7479546973305,"TTYH1","ref|Homo sapiens tweety homolog 1 (Drosophila) (TTYH1), transcript variant 1, mRNA [NM_020659]"
"57768",-1.15418243243243,6.99190878378378,-8.08047259671562,1.60940473451372e-14,1.28917728562589e-13,22.2337265558204,"USHBP1","ref|Homo sapiens Usher syndrome 1C binding protein 1 (USHBP1), mRNA [NM_031941]"
"57877",1.54560135135135,5.04522635135135,10.3835225649705,9.04387189869331e-22,1.59649934875801e-20,38.6822311501942,"PPEF1","ref|Homo sapiens protein phosphatase, EF-hand calcium binding domain 1 (PPEF1), transcript variant 1, mRNA [NM_006240]"
"58110",-2.32625,8.3534222972973,-10.8694098420093,2.06464831796027e-23,4.56663112596603e-22,42.4150454616361,"ALAS2","ref|Homo sapiens aminolevulinate, delta-, synthase 2 (ALAS2), nuclear gene encoding mitochondrial protein, transcript variant 1, mRNA [NM_000032]"
"58134",1.42914864864865,7.00049324324324,8.67688274787697,2.66228969146423e-16,2.53391478670797e-15,26.2671631618539,"IL28RA","ref|Homo sapiens interleukin 28 receptor, alpha (interferon, lambda receptor) (IL28RA), transcript variant 1, mRNA [NM_170743]"
"58217",-1.79280405405405,8.73128716216216,-12.6695300113677,9.75712018950088e-30,5.88952364470776e-28,56.8149826041913,"TNNT3","ref|Homo sapiens troponin T type 3 (skeletal, fast) (TNNT3), transcript variant 3, mRNA [NM_001042780]"
"58449",-1.10043243243242,12.5491013513514,-12.9746301550149,7.70318566760243e-31,5.85943130943808e-29,59.3268546479846,"ACAT1","ref|Homo sapiens acetyl-Coenzyme A acetyltransferase 1 (ACAT1), nuclear gene encoding mitochondrial protein, mRNA [NM_000019]"
"58456",1.57172297297298,5.73886824324324,10.2118676469712,3.37465184863568e-21,5.49099872971051e-20,37.3823303775506,"ENST00000329244","ens|Putative uncharacterized protein ENSP00000382848  [Source:UniProtKB/TrEMBL;Acc:A8MY96] [ENST00000329244]"
"5846",1.56833108108108,8.31051689189189,9.63989518452781,2.51636076095251e-19,3.22950223312368e-18,33.1283107919765,"TREM2","ref|Homo sapiens triggering receptor expressed on myeloid cells 2 (TREM2), mRNA [NM_018965]"
"5849",1.90316216216216,9.46991891891892,14.5951478142754,8.48131967378467e-37,2.41473633840928e-34,72.9042644305606,"TYMS","ref|Homo sapiens thymidylate synthetase (TYMS), mRNA [NM_001071]"
"58589",-1.28923648648649,6.46040202702703,-10.3262480482202,1.4049191528916e-21,2.41625433721577e-20,38.2473690745811,"RGS7BP","ref|Homo sapiens regulator of G-protein signaling 7 binding protein (RGS7BP), mRNA [NM_001029875]"
"5872",1.21613513513514,5.86335135135135,10.4049573497504,7.66723951587124e-22,1.37160024685452e-20,38.845265353252,"C1orf210","ref|Homo sapiens chromosome 1 open reading frame 210 (C1orf210), transcript variant 1, mRNA [NM_182517]"
"58755",-1.36945945945945,12.5245135135135,-9.74313587493926,1.16599988042115e-19,1.56067165682694e-18,33.886965094592,"C10orf10","ref|Homo sapiens chromosome 10 open reading frame 10 (C10orf10), mRNA [NM_007021]"
"59278",-2.61552027027028,9.60936824324324,-13.4058755107515,2.07196419028331e-32,2.13025241365831e-30,62.9045741097763,"SDPR","ref|Homo sapiens serum deprivation response (SDPR), mRNA [NM_004657]"
"59939",-1.33486486486486,14.3031148648649,-12.1240680194719,8.73195510052481e-28,3.74753082204175e-26,52.3697457303836,"FMOD","ref|Homo sapiens fibromodulin (FMOD), mRNA [NM_002023]"
"60066",-1.46751351351351,10.9370135135135,-11.753850969191,1.77748525485351e-26,6.15931557200351e-25,49.3900448628,"C10orf58","ref|Homo sapiens chromosome 10 open reading frame 58 (C10orf58), transcript variant 1, mRNA [NM_032333]"
"60068",-1.41111486486486,11.6578885135135,-10.2906162277162,1.84679208487497e-21,3.1188784740235e-20,37.9774021051792,"INMT","ref|Homo sapiens indolethylamine N-methyltransferase (INMT), mRNA [NM_006774]"
"60101",1.94722972972973,9.162,10.1523660599096,5.31410846901094e-21,8.48443666144478e-20,36.9341541458347,"PROM2","ref|Homo sapiens prominin 2 (PROM2), transcript variant 1, mRNA [NM_001165978]"
"60114",-1.59103378378378,6.82005067567568,-11.4920045268439,1.46802763828229e-25,4.43060212379647e-24,47.3028393097164,"PLXNA4","ref|Homo sapiens plexin A4 (PLXNA4), transcript variant 3, mRNA [NM_001105543]"
"60185",1.24064864864865,6.17522972972973,11.4114790388309,2.80014708711905e-25,8.03625035186683e-24,46.6645500971114,"PRR19","ref|Homo sapiens proline rich 19 (PRR19), mRNA [NM_199285]"
"60285",1.06391891891892,6.52766216216216,5.32994092007249,1.93869933037894e-07,7.18070900040593e-07,6.31772631800438,"SHISA2","ref|Homo sapiens shisa homolog 2 (Xenopus laevis) (SHISA2), mRNA [NM_001007538]"
"60576",-1.98327027027028,9.50915540540541,-11.6249124341925,5.0379976774633e-26,1.64235213485528e-24,48.3600718286666,"GALNTL2","ref|Homo sapiens UDP-N-acetyl-alpha-D-galactosamine:polypeptide N-acetylgalactosaminyltransferase-like 2 (GALNTL2), mRNA [NM_054110]"
"60734",1.83685135135135,6.26322297297297,10.9332539427582,1.24963930424501e-23,2.865594443754e-22,42.9110794749664,"EPHA10","ref|Homo sapiens EPH receptor A10 (EPHA10), transcript variant 3, mRNA [NM_001099439]"
"61316",1.60906081081081,7.13853716216216,11.0542361415364,4.80982562677488e-24,1.1628095236203e-22,43.8544079326111,"ZMYND10","ref|Homo sapiens zinc finger, MYND-type containing 10 (ZMYND10), mRNA [NM_015896]"
"61409",-1.32688513513512,8.80180067567568,-12.3274718278116,1.64589956759289e-28,8.14763828275081e-27,54.0201159524886,"CD34","ref|Homo sapiens CD34 molecule (CD34), transcript variant 2, mRNA [NM_001773]"
"61410",1.63593243243244,6.03225,13.6887290685671,1.90437478211314e-33,2.4407302001987e-31,65.2667073598681,"KIF23","ref|Homo sapiens kinesin family member 23 (KIF23), transcript variant 1, mRNA [NM_138555]"
"61412",-1.89241891891891,10.0882297297297,-13.9446079133785,2.17728766387945e-34,3.4526615903824e-32,67.4130004499788,"TYRO3","ref|Homo sapiens TYRO3 protein tyrosine kinase (TYRO3), mRNA [NM_006293]"
"61752",-1.93283783783784,7.30933108108108,-10.4205512582,6.79866867962874e-22,1.22559429993461e-20,38.963971632104,"lincRNA:chr6:3176201-3194126_F","lincRNA:chr6:3176201-3194126 forward strand"
"6190",1.93326351351352,11.6428209459459,13.198288016919,1.18546541215717e-31,1.00829221783114e-29,61.1786094225169,"POSTN","ref|Homo sapiens periostin, osteoblast specific factor (POSTN), transcript variant 1, mRNA [NM_006475]"
"6327",1.1277972972973,8.27785135135135,5.58019152178495,5.38723817210556e-08,2.12850508185049e-07,7.55622060236659,"CHDH","ref|Homo sapiens choline dehydrogenase (CHDH), mRNA [NM_018397]"
"6356",-1.15560135135135,9.50655067567568,-11.8073076075793,1.15266839275615e-26,4.10051919491502e-25,49.8182746064088,"CRYBG3","ref|Homo sapiens beta-gamma crystallin domain containing 3 (CRYBG3), mRNA [NM_153605]"
"6381",1.72110135135135,7.19643581081081,8.07830415653719,1.63306197633723e-14,1.30538223330422e-13,22.2193904661984,"ENST00000366873","ens|Calpain-8 (EC 3.4.22.53)(Stomach-specific M-type calpain)(New calpain 2)(nCL-2) [Source:UniProtKB/Swiss-Prot;Acc:A6NHC0] [ENST00000366873]"
"6386",-1.28904054054054,8.06279054054054,-10.1124895661489,7.19925449651251e-21,1.12447788095778e-19,36.6345064974979,"SYNPO","ens|Synaptopodin  [Source:UniProtKB/Swiss-Prot;Acc:Q8N3V7] [ENST00000394243]"
"6475",-1.16789864864865,6.16130067567568,-12.3859395288647,1.01714779299602e-28,5.17197540829933e-27,54.4961514223925,"LOC339524","ref|Homo sapiens hypothetical LOC339524 (LOC339524), transcript variant 1, non-coding RNA [NR_026985]"
"6502",-1.17606756756756,10.2121689189189,-10.1996083557475,3.70597867643588e-21,5.99881254268755e-20,37.2898882866741,"S1PR1","ref|Homo sapiens sphingosine-1-phosphate receptor 1 (S1PR1), mRNA [NM_001400]"
"6831",-1.57741216216216,11.1797331081081,-12.2336626314631,3.55726482022082e-28,1.6640884828993e-26,53.2578517694501,"FAM71E1","ref|Homo sapiens family with sequence similarity 71, member E1 (FAM71E1), mRNA [NM_138411]"
"6848",1.89814864864865,9.40828378378378,14.6202081716109,6.84335333977801e-37,2.06536818861171e-34,73.1166701832784,"TYMS","ref|Homo sapiens thymidylate synthetase (TYMS), mRNA [NM_001071]"
"7037",1.44329054054054,6.01121283783784,9.26691555572033,3.91203704486901e-18,4.39916088843684e-17,30.4234000563156,"NAT2","ref|Homo sapiens N-acetyltransferase 2 (arylamine N-acetyltransferase) (NAT2), mRNA [NM_000015]"
"7166",-1.32602702702703,7.41136486486486,-10.4638167899364,4.86820113123933e-22,8.98360745244086e-21,39.2937542123674,"NCAM1","ref|Homo sapiens neural cell adhesion molecule 1 (NCAM1), transcript variant 2, mRNA [NM_181351]"
"7324",-1.11437837837838,10.8072297297297,-10.9575820852489,1.03169734904408e-23,2.41918806958806e-22,43.1004208967306,"PTPRM","ref|Homo sapiens protein tyrosine phosphatase, receptor type, M (PTPRM), transcript variant 2, mRNA [NM_002845]"
"7646",-1.65750675675676,11.581597972973,-14.5651726426504,1.09623013765882e-36,3.0165674023341e-34,72.6502787450164,"ALDH1A1","ref|Homo sapiens aldehyde dehydrogenase 1 family, member A1 (ALDH1A1), mRNA [NM_000689]"
"7662",-1.35223648648649,6.77044932432432,-14.1819932750121,2.89079191075918e-35,5.40924982341257e-33,69.4114247610086,"SPTBN1","ref|Homo sapiens spectrin, beta, non-erythrocytic 1 (SPTBN1), transcript variant 1, mRNA [NM_003128]"
"7786",-1.37069594594594,10.774597972973,-11.9251738521927,4.42498252406462e-27,1.6898014895979e-25,50.7649238832465,"ROBO4","ref|Homo sapiens roundabout homolog 4, magic roundabout (Drosophila) (ROBO4), mRNA [NM_019055]"
"7801",-1.29812837837838,8.1801722972973,-10.8707983755519,2.0422512041472e-23,4.52779674549791e-22,42.4258203886843,"GPR116","ref|Homo sapiens G protein-coupled receptor 116 (GPR116), transcript variant 2, mRNA [NM_001098518]"
"7802",-1.4982972972973,14.1087837837838,-10.7298275674551,6.16202286144569e-23,1.29264318142793e-21,41.3349438772986,"MFAP4","ref|Homo sapiens microfibrillar-associated protein 4 (MFAP4), mRNA [NM_002404]"
"7814",-1.14742567567567,6.43223986486487,-7.61898296616788,3.39878268808996e-13,2.34852369496083e-12,19.2395082297769,"ABCB5","ref|Homo sapiens ATP-binding cassette, sub-family B (MDR/TAP), member 5 (ABCB5), transcript variant 3, mRNA [NM_001163942]"
"7816",-2.0998918918919,10.9677432432432,-11.4818911106952,1.59219719171683e-25,4.77455029669958e-24,47.2225800332026,"GPX3","ref|Homo sapiens glutathione peroxidase 3 (plasma) (GPX3), mRNA [NM_002084]"
"7998",-1.19691891891891,12.6875067567568,-9.56287635757155,4.45475676010994e-19,5.54238088398784e-18,32.5650977384726,"DUSP1","ref|Homo sapiens dual specificity phosphatase 1 (DUSP1), mRNA [NM_004417]"
"8021",2.03079054054053,11.0451587837838,10.9013344512913,1.60647101728244e-23,3.59572795160155e-22,42.6629273122555,"VAV3","ref|Homo sapiens vav 3 guanine nucleotide exchange factor (VAV3), transcript variant 1, mRNA [NM_006113]"
"8128",1.76143918918919,7.19236148648649,15.3316497050965,1.51424437141037e-39,8.60741021565072e-37,79.1681968732802,"RAD51","ref|Homo sapiens RAD51 homolog (RecA homolog, E. coli) (S. cerevisiae) (RAD51), transcript variant 1, mRNA [NM_002875]"
"8190",-2.00166216216217,8.37311486486487,-13.0943826055737,2.83096535339297e-31,2.28331998675385e-29,60.3172895424776,"TMEM100","ref|Homo sapiens transmembrane protein 100 (TMEM100), transcript variant 2, mRNA [NM_018286]"
"8356",1.02268243243243,8.04001013513514,7.97750830025406,3.20942555333069e-14,2.48983295828872e-13,21.5557335563963,"P2RY2","ref|Homo sapiens purinergic receptor P2Y, G-protein coupled, 2 (P2RY2), transcript variant 1, mRNA [NM_176072]"
"8467",-1.41192567567568,8.70113851351351,-12.12627115953,8.57596120691674e-28,3.71466171536634e-26,52.3875727716913,"BMP6","ref|Homo sapiens bone morphogenetic protein 6 (BMP6), mRNA [NM_001718]"
"8677",-1.03009459459459,10.0484391891892,-10.4125836170699,7.22948540229832e-22,1.29825461466225e-20,38.9033088607839,"ADSSL1","ref|Homo sapiens adenylosuccinate synthase like 1 (ADSSL1), transcript variant 1, mRNA [NM_199165]"
"9004",-1.50509459459459,7.88169594594595,-10.1934356141992,3.88485008392672e-21,6.2774883221448e-20,37.2433624482433,"CACNA2D1","ref|Homo sapiens calcium channel, voltage-dependent, alpha 2/delta subunit 1 (CACNA2D1), mRNA [NM_000722]"
"9493",1.23567567567568,4.88858108108108,8.53663144574416,7.0937793929292e-16,6.46245374880677e-15,25.3028632545717,"IL20","ref|Homo sapiens interleukin 20 (IL20), mRNA [NM_018724]"
"9586",-2.01841891891892,9.2818445945946,-12.9553035913461,9.05173316103739e-31,6.82967866569886e-29,59.1672423418788,"VIT","ref|Homo sapiens vitrin (VIT), mRNA [NM_053276]"
"9587",-1.01975,7.63670608108108,-9.69647375359678,1.65162920759422e-19,2.16727108923584e-18,33.5435541104061,"ENST00000400449","ens|cDNA FLJ26009 fis, clone HRT03250  [Source:UniProtKB/TrEMBL;Acc:Q6ZPD4] [ENST00000400449]"
"9590",1.24485135135135,8.72606081081081,9.11870399520556,1.1455412820451e-17,1.23760787930877e-16,29.3647843440665,"ASCL2","ref|Homo sapiens achaete-scute complex homolog 2 (Drosophila) (ASCL2), mRNA [NM_005170]"
"9674",1.22878378378378,11.0815810810811,15.8743028138105,1.39774736338637e-41,3.26933108296071e-38,83.8059471157992,"SLC20A1","ref|Homo sapiens solute carrier family 20 (phosphate transporter), member 1 (SLC20A1), mRNA [NM_005415]"
"9916",-3.04546621621622,11.1283074324324,-12.4149152520302,8.01094543025331e-29,4.14090637820165e-27,54.7323319263458,"MRAP","ref|Homo sapiens melanocortin 2 receptor accessory protein (MRAP), transcript variant 1, mRNA [NM_178817]"
